AQ Daily index (https://uk-air.defra.gov.uk//air-pollution/daqi?view=more-info) data from UK-AIR website,,,,,,,,,,,,,,,,,,,,,,,,,,,,,,,,
Date,Central Scotland,East Midlands,Eastern,Greater London,Highland,North East,North East Scotland,North Wales,North West & Merseyside,Northern Ireland,Scottish Borders,South East,South Wales,South West,West Midlands,Yorkshire & Humberside,Belfast Metropolitan Urban Area,Brighton/Worthing/Littlehampton,Bristol Urban Area,Cardiff Urban Area,Edinburgh Urban Area,Glasgow Urban Area,Greater Manchester Urban Area,Leicester Urban Area,Liverpool Urban Area,Nottingham Urban Area,Portsmouth Urban Area,Sheffield Urban Area,Swansea Urban Area,Tyneside,West Midlands Urban Area,West Yorkshire Urban Area
01/08/2020,3,3,6,3,4,3,6,2,2,2,2,3,2,2,3,4,2,2,2,2,3,2,2,2,2,2,1,3,2,3,2,3
02/08/2020,2,2,3,2,2,2,2,2,2,2,2,3,2,2,2,2,2,2,2,2,2,2,2,2,2,2,1,2,2,2,2,2
03/08/2020,2,3,2,3,2,2,2,2,2,2,2,3,2,3,2,2,2,3,2,2,2,2,2,2,2,2,1,2,2,2,2,2
04/08/2020,2,3,3,3,2,2,2,2,2,2,2,3,3,3,2,2,2,3,2,2,2,2,2,2,2,2,1,2,3,2,2,2
05/08/2020,2,2,3,3,2,2,1,2,2,2,2,3,3,3,2,2,2,3,2,2,2,2,2,2,2,2,1,2,3,2,2,2
06/08/2020,2,2,3,3,2,2,2,2,2,2,2,3,2,3,2,2,2,3,2,2,2,2,2,2,2,2,1,2,2,2,2,2
07/08/2020,2,3,6,5,2,2,2,3,2,2,2,5,2,3,3,3,2,4,2,2,2,2,2,2,2,3,2,2,2,2,3,2
08/08/2020,2,3,7,6,2,2,2,3,2,2,2,7,2,5,3,2,2,5,3,2,2,2,2,2,2,2,3,2,2,2,3,2
09/08/2020,2,4,5,6,2,2,2,3,3,2,2,7,3,5,4,3,2,6,3,3,2,2,2,3,3,3,2,2,3,2,3,3
10/08/2020,2,5,7,6,2,2,2,3,3,2,3,7,3,5,5,3,2,5,3,3,2,2,3,4,2,4,3,2,3,2,4,3
11/08/2020,2,6,6,7,3,3,2,6,6,3,3,7,3,5,6,5,2,7,5,3,2,2,4,5,5,4,3,3,3,3,6,5
12/08/2020,4,7,7,7,3,3,3,6,5,2,3,7,4,5,7,5,2,6,5,4,4,3,4,5,5,5,1,3,4,3,6,5
13/08/2020,3,4,5,6,3,3,3,5,4,3,3,6,4,4,4,3,3,4,4,3,3,3,3,4,3,4,1,2,4,3,4,3
14/08/2020,3,3,4,3,3,3,2,3,4,4,3,3,3,3,4,3,2,3,2,3,3,2,3,3,3,3,1,1,3,3,3,3
15/08/2020,3,3,4,2,2,3,3,3,3,2,3,3,2,2,3,4,2,2,2,2,3,2,3,3,3,3,1,2,2,2,3,3
16/08/2020,3,3,3,3,2,2,3,3,2,2,3,3,2,3,3,3,2,3,2,2,3,2,2,2,2,3,1,1,2,2,3,2
17/08/2020,3,3,3,3,2,2,3,3,3,2,2,3,3,3,3,3,2,3,3,3,3,2,2,2,2,3,1,1,2,2,3,2
18/08/2020,3,3,3,3,3,2,3,3,2,2,2,3,2,2,2,2,2,3,2,2,3,2,2,2,2,2,1,1,2,2,2,2
19/08/2020,3,2,2,2,3,2,3,2,2,2,2,2,2,2,2,2,2,2,2,2,3,2,1,1,2,1,1,1,2,2,2,2
20/08/2020,2,3,3,3,3,3,2,3,3,2,3,3,2,3,3,3,2,3,2,2,2,2,2,2,2,2,1,1,2,2,3,2
21/08/2020,2,3,3,3,3,2,2,3,2,2,2,3,5,3,3,3,2,3,2,3,2,2,2,2,2,3,1,1,5,2,3,2
22/08/2020,2,3,3,3,3,2,2,2,2,2,2,3,2,3,3,2,2,3,2,2,2,2,2,2,2,2,2,1,2,2,2,2
23/08/2020,2,2,3,2,2,2,2,2,2,2,2,3,2,2,2,2,2,3,2,2,2,2,2,2,2,2,1,1,2,2,2,2
24/08/2020,2,2,3,2,2,2,2,2,3,2,2,3,2,2,2,2,2,2,2,2,2,2,2,2,2,2,1,2,2,2,2,2
25/08/2020,2,2,3,2,3,2,3,2,2,2,2,2,2,2,2,2,2,2,2,2,2,2,2,2,2,2,1,2,2,2,2,2
26/08/2020,2,2,2,2,2,2,2,2,2,2,3,3,2,2,2,2,2,3,2,2,2,2,2,2,2,2,1,2,2,2,2,2
27/08/2020,2,2,2,2,2,2,2,2,2,2,2,2,2,2,2,2,2,2,2,2,2,2,1,1,1,2,1,1,2,2,1,2
28/08/2020,2,2,2,2,2,2,2,2,2,2,2,2,2,2,2,2,2,2,2,2,2,2,2,2,1,2,1,2,2,2,2,2
29/08/2020,2,2,3,2,3,2,2,2,2,2,2,2,2,2,2,2,2,2,2,2,2,2,2,2,1,2,1,2,2,2,2,2
30/08/2020,2,3,3,3,2,2,2,3,3,2,3,3,2,3,3,3,2,2,2,2,2,2,2,2,1,2,1,2,2,2,2,2
31/08/2020,2,3,3,3,3,2,2,3,3,2,3,3,3,3,3,3,2,3,3,3,2,2,3,3,2,2,1,3,2,2,2,2
01/09/2020,3,3,3,3,3,3,3,3,3,2,3,3,3,3,3,3,2,3,3,3,3,2,3,3,2,3,1,3,3,2,3,3
02/09/2020,3,3,3,3,3,3,3,3,2,2,3,3,3,3,3,3,2,1,3,2,3,2,2,2,2,2,1,2,2,2,2,2
03/09/2020,2,2,3,3,3,2,2,2,2,2,2,3,2,3,2,2,2,1,2,2,2,2,2,2,1,2,1,2,2,2,2,2
04/09/2020,2,2,2,2,2,2,2,2,3,2,2,3,2,2,2,2,2,1,2,2,2,2,2,2,2,2,1,2,2,2,2,2
05/09/2020,2,2,2,2,2,2,2,2,2,2,2,2,2,2,2,2,2,1,2,2,2,2,2,2,2,2,1,2,2,2,2,2
06/09/2020,2,2,2,2,2,2,2,2,2,2,2,2,2,2,2,2,2,1,2,2,2,2,2,2,1,2,1,2,2,2,2,2
07/09/2020,2,2,2,2,2,2,2,2,2,2,2,2,2,2,2,2,1,1,2,2,2,2,1,1,1,2,1,1,2,2,2,2
08/09/2020,2,2,2,2,2,2,2,2,2,2,2,2,2,2,2,2,1,1,2,2,2,2,1,1,1,2,1,2,2,2,2,1
09/09/2020,3,2,2,2,3,2,2,2,3,2,3,2,2,2,2,2,2,2,2,2,2,2,2,2,1,2,1,2,2,2,2,2
10/09/2020,3,3,3,3,3,2,2,2,3,2,3,3,2,3,2,3,2,3,2,2,2,2,2,2,2,2,1,2,2,2,2,2
11/09/2020,2,2,3,3,2,2,2,2,2,2,2,3,2,3,2,2,2,3,2,2,2,2,2,2,1,2,1,2,2,2,2,2
12/09/2020,2,2,3,2,3,2,2,2,2,2,2,3,2,2,2,2,2,2,2,2,2,2,2,2,2,2,1,2,2,2,2,2
13/09/2020,2,2,3,3,3,2,2,2,2,2,2,3,3,2,2,2,2,2,2,2,2,2,2,2,1,2,1,2,3,2,2,2
14/09/2020,2,4,4,3,2,2,2,3,3,2,3,4,3,3,4,3,2,3,3,3,2,2,3,3,2,3,1,3,3,2,3,2
15/09/2020,2,4,6,6,2,3,2,4,4,2,3,4,3,3,5,4,2,3,3,2,2,2,3,4,2,3,2,3,3,3,4,3
16/09/2020,2,3,3,4,2,2,2,3,3,2,2,4,3,4,3,3,2,4,4,3,2,2,2,3,2,3,2,2,3,2,3,3
17/09/2020,2,3,3,3,2,2,2,2,2,3,3,3,2,3,3,2,2,3,2,2,2,2,2,2,2,2,2,2,2,2,2,2
18/09/2020,2,3,3,3,2,2,2,3,2,2,2,3,3,3,3,3,2,3,3,3,2,2,2,3,2,3,2,2,3,2,3,2
19/09/2020,2,3,3,4,2,3,2,3,3,2,3,3,3,3,3,3,2,3,3,3,2,2,3,3,2,3,2,2,3,2,3,3
20/09/2020,2,3,3,3,2,2,2,3,2,2,2,3,3,3,3,2,2,3,3,3,2,2,2,3,1,2,2,2,3,2,3,2
21/09/2020,3,3,3,3,3,3,2,3,3,2,3,4,3,3,3,3,2,3,2,3,2,2,3,3,2,2,2,3,2,2,3,3
22/09/2020,3,3,4,4,3,3,2,3,3,3,3,4,3,3,3,3,2,3,3,3,3,2,3,3,2,3,1,3,3,3,3,3
23/09/2020,2,3,3,3,3,3,2,3,3,2,3,3,3,3,3,3,2,3,2,3,2,2,3,2,1,2,1,3,3,2,3,3
24/09/2020,2,2,3,2,3,2,2,3,2,2,3,3,3,3,2,3,2,3,2,2,2,2,2,2,1,2,1,2,2,2,2,2
25/09/2020,2,2,3,2,2,3,2,2,2,2,2,2,2,2,2,3,2,2,2,2,2,2,2,2,1,2,1,2,2,2,2,2
26/09/2020,2,2,3,2,2,2,2,2,2,2,2,2,2,3,2,2,2,2,2,2,2,2,2,2,1,2,1,2,2,2,2,2
27/09/2020,2,2,3,3,2,2,2,2,2,2,2,2,2,3,2,3,2,2,2,2,2,2,2,2,2,2,1,2,2,2,2,2
28/09/2020,2,2,3,2,3,2,2,2,2,2,2,2,2,2,2,2,2,2,2,2,2,2,2,2,2,2,1,2,2,2,2,2
29/09/2020,2,2,2,2,2,2,2,2,2,2,2,2,2,2,2,2,2,2,2,2,2,2,2,2,2,2,1,2,2,2,2,2
30/09/2020,2,2,3,2,3,2,2,2,2,2,2,3,2,3,2,2,2,3,2,2,2,2,2,2,1,1,1,2,2,2,2,2
01/10/2020,2,2,3,2,3,2,2,2,2,2,2,3,3,3,2,2,2,3,2,2,2,2,2,2,1,2,2,2,2,2,2,2
02/10/2020,2,3,3,2,3,2,2,2,2,2,2,3,2,3,2,3,2,2,2,2,2,2,2,2,1,2,1,2,2,2,2,2
03/10/2020,2,2,3,2,3,2,2,3,3,2,2,3,3,3,3,3,2,3,2,2,2,2,2,2,1,2,1,2,2,2,3,2
04/10/2020,3,3,3,3,3,2,3,3,3,3,3,3,3,3,3,2,2,3,2,2,2,2,2,2,1,2,1,2,2,2,3,2
05/10/2020,2,2,2,2,3,2,2,2,3,2,2,2,3,2,2,2,2,2,2,2,2,2,2,2,1,2,2,2,2,2,2,2
06/10/2020,2,2,2,2,3,2,2,2,2,2,3,2,3,2,2,2,2,2,2,2,2,2,2,2,1,2,2,2,2,2,2,2
07/10/2020,2,2,2,2,3,2,2,2,2,2,3,3,3,2,2,2,2,2,2,2,2,2,2,2,2,2,1,2,2,2,2,2
08/10/2020,2,2,2,2,3,2,2,2,2,2,2,2,2,2,2,2,2,2,2,2,2,2,2,2,1,1,1,2,2,2,2,2
09/10/2020,2,2,2,2,3,2,2,3,3,2,3,2,3,2,2,2,2,2,2,2,2,2,2,2,1,2,1,2,2,2,2,2
10/10/2020,2,2,2,2,3,2,2,2,2,2,2,2,2,3,2,2,2,2,2,2,2,2,2,2,1,2,1,2,2,2,2,2
11/10/2020,2,2,3,2,2,2,2,2,2,2,2,2,2,2,2,2,2,2,2,2,2,2,2,2,1,2,1,2,2,2,2,2
12/10/2020,2,2,3,2,3,2,2,2,2,2,2,3,2,3,2,2,2,2,2,2,2,2,2,1,1,1,1,2,2,2,2,2
13/10/2020,3,2,2,2,3,2,3,2,2,2,3,2,3,2,2,3,2,2,2,2,2,2,2,2,1,2,1,2,2,2,2,2
14/10/2020,2,3,3,2,3,2,2,2,2,2,3,3,2,2,2,2,2,2,2,2,2,2,2,2,2,2,1,2,2,2,2,2
15/10/2020,2,2,3,2,3,2,2,2,2,3,3,2,3,2,2,3,3,2,2,2,2,2,2,2,1,2,2,2,2,2,2,2
16/10/2020,2,2,3,2,3,2,2,2,2,2,3,7,2,2,2,3,2,2,2,2,2,2,2,2,1,2,2,2,2,2,2,2
17/10/2020,2,2,3,2,3,3,2,2,2,2,3,2,2,2,2,3,2,2,2,2,2,2,2,2,2,2,1,2,2,2,2,2
18/10/2020,2,2,3,2,3,2,2,2,2,2,2,2,2,2,2,2,2,2,2,2,2,2,2,2,2,2,1,2,2,2,2,2
19/10/2020,2,2,3,3,3,2,2,2,2,2,3,3,3,3,2,2,2,2,2,2,2,2,2,2,2,2,2,2,2,2,2,2
20/10/2020,3,2,3,2,3,2,2,3,2,2,3,2,3,3,2,2,2,2,2,2,2,2,2,2,2,2,2,2,2,2,2,2
21/10/2020,3,2,2,2,3,2,2,2,2,2,3,3,2,2,2,2,2,2,2,2,2,2,2,2,2,2,1,2,2,2,2,2
22/10/2020,2,2,3,2,2,2,2,2,2,2,2,3,2,2,2,2,2,3,2,2,2,2,2,2,1,2,1,2,2,2,2,2
23/10/2020,2,2,2,2,3,2,2,2,2,2,3,3,2,2,2,2,2,2,2,2,2,2,2,2,2,1,1,2,2,2,2,2
24/10/2020,2,3,3,3,3,2,2,3,2,2,2,3,3,3,3,2,2,2,2,2,2,2,2,2,1,2,1,2,2,2,2,2
25/10/2020,2,3,3,3,3,2,2,2,2,2,2,3,3,3,2,2,2,2,2,2,2,2,2,2,1,2,1,2,2,2,2,2
26/10/2020,2,2,2,3,3,2,2,2,3,3,2,3,3,2,2,2,2,2,2,2,2,2,2,2,2,2,1,2,2,2,2,2
27/10/2020,2,2,2,2,3,2,2,3,2,2,2,3,3,3,2,2,2,2,2,2,2,2,2,2,1,2,1,2,2,2,2,2
28/10/2020,2,2,3,2,3,2,2,2,3,2,2,3,3,2,2,2,2,3,2,2,2,2,2,2,1,2,2,2,2,2,2,2
29/10/2020,2,3,2,2,3,2,2,3,3,2,2,3,4,3,3,2,2,2,2,3,2,2,2,2,1,2,2,2,4,2,3,2
30/10/2020,3,3,3,3,3,3,2,3,3,2,3,3,3,3,3,2,2,2,2,3,2,2,2,2,2,2,1,2,2,2,3,2
31/10/2020,3,3,2,2,3,2,2,3,3,3,3,3,3,3,3,2,2,3,2,3,3,2,2,2,2,2,2,2,3,2,2,2
01/11/2020,3,3,3,3,3,3,3,3,3,3,3,3,3,3,3,3,3,3,3,3,3,3,3,2,1,3,2,3,3,2,3,3
02/11/2020,3,3,3,3,3,2,3,3,3,3,3,3,3,3,3,3,2,3,3,3,3,2,2,2,1,2,2,2,3,2,3,2
03/11/2020,3,3,3,2,3,3,2,3,3,3,3,3,3,3,3,3,2,3,2,2,3,3,2,2,2,2,1,2,2,2,3,2
04/11/2020,2,3,3,3,3,2,2,3,2,2,2,2,3,3,2,3,2,2,3,2,2,2,2,3,2,3,2,2,2,2,2,3
05/11/2020,2,6,9,8,3,6,2,2,4,2,2,4,6,7,7,5,2,3,7,6,2,2,4,6,3,6,2,5,6,2,7,3
06/11/2020,2,6,5,7,3,6,2,4,4,2,2,3,3,4,10,9,2,2,4,3,2,2,3,5,3,3,2,8,2,3,10,9
07/11/2020,2,7,3,4,3,5,2,4,5,3,2,3,3,3,6,9,3,2,3,3,2,2,4,3,4,4,2,9,2,3,6,5
08/11/2020,2,4,4,4,3,4,2,4,4,2,2,4,3,2,4,5,2,2,2,3,2,2,3,3,3,4,2,5,2,3,4,4
09/11/2020,2,3,2,2,2,3,2,2,2,2,2,2,3,3,2,3,2,2,2,2,2,2,2,2,2,2,1,3,2,3,2,3
10/11/2020,2,2,2,2,2,2,2,2,2,2,3,2,3,2,2,2,2,2,2,2,2,2,2,2,2,2,1,2,2,2,2,2
11/11/2020,2,2,2,2,3,2,2,2,2,3,3,2,3,3,2,2,3,2,2,2,2,2,2,2,2,2,1,2,2,2,2,2
12/11/2020,3,3,2,2,3,2,2,3,3,3,3,3,3,3,3,3,3,3,3,3,3,2,2,2,2,2,2,2,2,2,3,2
13/11/2020,3,3,3,2,3,2,2,3,3,3,3,3,3,3,3,3,3,2,3,3,3,3,2,2,2,2,1,2,2,2,3,2
14/11/2020,3,2,2,2,3,2,2,3,2,3,3,3,3,3,2,2,2,3,2,2,2,2,2,2,1,2,2,2,2,2,2,2
15/11/2020,2,3,3,3,3,2,2,3,3,3,3,3,3,3,3,3,2,3,3,3,2,2,2,3,1,3,1,3,3,2,3,3
16/11/2020,3,3,3,2,3,2,2,3,3,3,3,3,3,3,3,3,3,3,3,3,2,2,2,2,1,2,2,2,3,2,3,2
17/11/2020,2,3,3,2,3,2,2,3,3,2,2,3,5,3,3,2,2,3,2,3,2,2,2,2,1,2,2,2,5,2,3,2
18/11/2020,3,3,3,2,3,3,3,3,3,3,3,3,3,3,3,3,2,2,3,3,3,2,2,2,2,2,2,2,3,2,3,3
19/11/2020,2,3,3,3,3,3,3,3,3,3,3,3,3,5,3,3,2,3,3,3,2,2,2,2,2,2,1,3,3,2,3,3
20/11/2020,2,2,2,2,3,2,2,3,2,2,2,3,3,3,2,2,2,2,2,2,2,2,2,2,2,2,1,2,2,2,2,2
21/11/2020,2,3,3,3,3,3,2,3,3,2,3,3,3,3,3,3,2,3,2,3,2,2,2,2,1,2,1,3,3,2,3,3
22/11/2020,2,2,2,2,3,2,2,2,3,2,3,3,3,3,2,2,2,2,2,2,2,2,2,2,2,2,1,2,2,2,2,2
23/11/2020,2,2,2,2,3,2,2,2,2,2,3,3,3,3,2,2,2,2,2,2,2,2,2,2,1,2,1,2,2,2,2,2
24/11/2020,3,2,2,2,3,3,2,3,3,2,3,3,3,3,2,2,2,2,2,2,3,2,2,2,2,2,1,2,2,2,2,2
25/11/2020,2,2,2,2,3,2,2,2,2,2,3,2,2,3,2,2,2,2,2,2,2,2,2,2,2,2,2,2,2,2,2,2
26/11/2020,2,3,3,3,3,2,2,2,2,2,2,2,3,3,3,3,2,2,3,2,2,2,2,3,2,3,2,2,2,2,2,2
27/11/2020,2,3,2,3,3,3,2,2,3,3,2,2,3,2,3,4,3,2,2,2,2,2,2,3,3,3,2,2,2,3,3,4
28/11/2020,2,3,5,4,3,3,2,3,3,5,2,5,3,3,3,3,4,3,3,3,2,2,2,3,2,3,3,3,2,3,3,3
29/11/2020,2,3,3,3,3,3,1,2,4,3,2,3,3,3,3,3,3,3,3,3,2,2,3,2,3,3,2,2,3,3,2,3
30/11/2020,2,2,2,2,3,2,2,2,2,3,2,2,2,2,2,2,3,2,2,2,2,2,2,2,2,2,2,2,2,2,2,2
01/12/2020,2,2,3,2,3,2,2,2,2,2,2,2,3,3,2,2,2,2,3,2,2,2,2,2,2,2,2,2,2,2,2,2
02/12/2020,2,2,3,3,3,2,2,2,2,3,2,2,3,2,2,2,2,2,2,2,2,2,2,2,2,2,2,2,2,2,2,2
03/12/2020,3,2,2,2,3,2,3,3,2,2,2,3,3,3,2,2,2,2,2,2,3,2,2,2,2,2,2,2,2,2,2,2
04/12/2020,2,2,2,2,3,2,2,2,2,3,2,3,3,3,2,2,2,2,2,2,2,2,2,2,1,1,1,2,2,2,2,2
05/12/2020,2,2,2,2,2,2,2,2,2,3,2,3,2,2,2,2,2,3,2,2,2,2,2,2,2,2,1,2,2,2,2,2
06/12/2020,2,2,3,2,3,2,1,2,3,4,2,2,2,2,2,2,4,2,2,2,2,2,3,2,2,2,1,2,2,1,2,2
07/12/2020,2,2,2,3,3,2,2,2,2,3,2,2,2,3,2,2,2,2,3,2,2,2,2,2,2,2,1,2,2,1,2,2
08/12/2020,2,2,3,2,3,2,2,2,2,2,2,3,3,2,2,2,2,3,2,1,2,2,1,1,1,2,2,2,2,2,2,2
09/12/2020,2,2,3,2,3,2,2,2,2,2,2,2,4,2,2,2,2,2,2,2,2,2,2,2,2,2,2,2,2,2,2,2
10/12/2020,2,2,2,2,3,2,2,2,2,2,2,3,3,2,2,2,2,2,2,2,2,2,2,2,2,2,1,2,2,2,2,2
11/12/2020,2,3,2,2,3,2,2,2,2,2,2,2,3,3,2,2,2,2,2,2,1,2,2,3,2,2,2,2,2,2,2,2
12/12/2020,2,2,2,2,3,2,2,2,2,2,2,2,2,3,2,2,2,2,2,2,2,2,2,2,2,2,2,2,2,2,2,2
13/12/2020,2,2,2,2,2,2,2,3,2,2,2,3,3,3,2,2,2,2,2,2,2,2,2,2,1,2,1,2,2,2,2,2
14/12/2020,3,3,3,3,3,2,2,3,3,2,3,3,3,3,3,2,2,3,3,3,3,2,2,2,2,2,2,2,2,2,3,2
15/12/2020,2,2,2,2,3,2,2,3,2,3,2,3,3,3,2,2,3,3,2,2,2,2,2,2,2,2,2,2,2,2,2,2
16/12/2020,3,2,2,3,3,2,2,3,2,2,3,3,3,3,2,2,2,2,2,3,2,2,2,2,2,2,2,2,2,2,2,2
17/12/2020,2,2,2,2,3,2,2,3,2,2,2,3,3,2,2,2,2,2,2,2,2,2,2,2,2,2,2,2,2,2,2,2
18/12/2020,3,2,2,2,3,2,2,2,2,2,3,2,3,3,2,2,2,2,2,2,2,2,2,2,2,2,2,2,2,2,2,2
19/12/2020,3,3,3,2,3,2,2,3,3,2,3,3,3,3,3,2,2,2,1,3,3,2,2,2,1,2,2,2,2,2,2,2
20/12/2020,3,3,3,3,3,2,2,3,2,2,3,3,3,3,2,2,2,3,1,2,3,2,2,2,1,2,1,2,2,2,2,2
21/12/2020,2,2,2,2,3,2,2,2,2,2,2,3,3,3,2,2,2,2,2,2,2,2,2,2,1,2,1,2,3,2,2,2
22/12/2020,2,2,2,2,3,2,2,2,2,3,2,3,3,3,2,2,2,2,2,2,2,2,2,2,2,2,1,2,2,2,2,2
23/12/2020,2,3,2,2,3,2,2,2,2,2,2,3,3,3,2,3,2,2,1,2,2,2,2,2,1,2,1,2,2,2,2,2
24/12/2020,3,3,3,2,3,2,3,2,2,3,3,3,3,3,2,3,2,2,1,2,2,2,2,2,1,2,1,2,2,2,2,2
25/12/2020,2,3,3,2,3,2,2,3,3,2,2,3,3,3,2,3,2,2,1,2,2,2,2,2,1,2,1,2,2,2,2,2
26/12/2020,3,3,3,3,3,3,3,3,3,3,3,3,3,3,3,3,3,2,1,3,3,3,3,3,1,3,1,3,3,2,3,3
27/12/2020,3,3,3,3,3,3,2,3,3,3,3,3,3,3,3,3,3,3,1,3,3,3,3,3,1,3,1,3,3,2,3,3
28/12/2020,2,2,3,2,3,2,2,2,2,3,2,3,3,3,2,2,2,2,1,2,2,2,2,2,2,2,1,2,2,1,2,2
29/12/2020,2,2,3,2,3,2,2,2,2,3,2,2,2,2,2,3,2,2,2,2,2,2,2,2,2,2,1,2,2,2,2,2
30/12/2020,2,2,2,2,3,2,2,3,3,2,2,2,2,3,2,2,2,2,3,2,2,2,2,2,2,2,2,2,2,1,2,2
31/12/2020,2,2,3,2,3,2,2,3,2,2,2,2,2,8,2,2,2,2,8,2,2,2,2,2,2,2,2,2,2,2,2,2
01/01/2021,2,2,2,3,3,2,2,2,2,2,2,3,2,7,2,2,2,2,7,2,2,2,2,2,1,2,2,2,2,2,2,2
02/01/2021,2,2,2,2,3,2,2,2,2,2,2,2,2,2,2,2,2,1,1,2,2,2,2,2,2,2,1,2,2,2,2,2
03/01/2021,2,2,2,2,3,2,2,2,2,2,2,2,2,2,2,2,2,1,1,2,2,2,2,2,1,2,1,2,2,2,2,2
04/01/2021,2,2,2,2,2,2,2,2,2,2,2,2,2,2,2,2,2,2,1,2,2,2,2,2,1,2,1,2,2,2,2,2
05/01/2021,2,2,2,2,2,2,2,2,2,4,2,2,2,2,2,2,2,2,1,2,2,2,2,2,1,2,1,2,2,2,2,2
06/01/2021,2,2,2,2,3,2,1,1,5,3,2,2,2,2,2,2,3,1,1,1,2,2,5,2,2,2,1,2,2,1,2,2
07/01/2021,2,3,2,2,3,1,2,2,3,2,2,2,3,3,3,2,2,2,1,2,2,2,3,2,3,3,2,2,2,1,2,2
08/01/2021,3,3,2,3,3,3,3,2,2,3,3,3,3,3,2,3,3,2,1,2,2,3,2,2,1,2,2,2,2,2,2,2
09/01/2021,3,2,2,2,3,2,2,2,3,2,2,2,2,2,2,3,2,2,2,2,2,2,2,2,2,2,1,2,2,2,2,2
10/01/2021,3,2,2,2,3,3,2,3,3,3,3,2,2,3,2,2,2,2,2,2,3,2,2,2,1,2,2,2,2,2,2,2
11/01/2021,3,3,2,3,3,3,2,3,3,3,3,3,3,3,3,3,2,2,3,3,3,3,2,2,1,2,1,3,3,2,2,3
12/01/2021,3,3,3,3,3,3,3,3,3,3,3,3,3,3,3,3,3,2,3,3,2,2,2,2,2,2,1,3,3,2,3,3
13/01/2021,2,2,2,2,3,2,2,3,2,2,2,3,3,3,2,3,2,2,2,3,2,2,2,2,2,2,1,2,2,2,2,2
14/01/2021,2,2,2,2,3,2,2,3,2,2,2,3,3,3,2,2,2,2,2,3,2,2,2,2,1,2,1,2,2,2,2,2
15/01/2021,2,2,2,2,3,2,2,2,2,2,2,2,3,3,2,3,2,2,2,2,2,2,2,2,2,2,2,2,2,2,2,3
16/01/2021,3,3,2,2,3,3,2,3,3,3,3,2,3,3,3,3,3,2,2,2,2,2,2,2,2,2,1,2,2,2,2,2
17/01/2021,3,3,2,2,3,3,3,3,3,3,2,3,3,3,3,3,3,2,2,2,3,2,3,2,1,2,2,3,2,2,3,3
18/01/2021,3,3,2,2,3,3,2,3,3,2,2,3,4,3,2,3,2,2,2,2,3,3,2,2,2,2,1,2,2,2,2,2
19/01/2021,2,3,3,3,3,2,2,3,2,2,2,3,3,3,3,2,2,2,2,3,2,2,2,2,1,2,1,2,2,2,3,2
20/01/2021,3,3,3,3,3,2,2,3,3,2,2,3,3,3,3,3,2,2,3,2,2,2,2,3,1,2,2,3,2,2,3,3
21/01/2021,2,3,3,3,3,2,2,3,3,2,2,3,3,3,3,3,2,3,3,3,2,2,2,3,1,2,1,3,2,2,3,3
22/01/2021,3,2,2,2,3,3,2,3,3,3,2,3,2,3,3,3,2,2,2,2,2,2,2,2,1,2,1,2,2,2,2,2
23/01/2021,3,3,2,2,3,2,2,3,2,3,2,3,3,3,3,3,2,2,2,2,2,2,2,2,2,2,1,2,2,2,2,2
24/01/2021,3,3,3,2,3,2,2,3,3,3,2,3,3,3,2,3,2,2,2,2,2,2,2,2,2,2,1,2,2,2,2,2
25/01/2021,3,2,3,2,3,3,2,3,3,2,3,3,3,3,3,3,2,2,2,2,2,2,2,2,2,2,2,2,2,2,2,2
26/01/2021,2,2,2,2,3,2,2,3,2,3,2,3,3,3,3,3,3,2,2,2,2,2,2,2,1,2,1,2,2,2,2,2
27/01/2021,2,2,2,2,3,2,2,3,2,2,2,2,3,2,3,2,2,2,2,2,2,2,2,2,2,2,1,2,2,2,2,2
28/01/2021,3,2,2,2,3,3,3,3,2,2,2,2,3,3,2,3,2,2,2,2,3,2,2,2,1,1,1,2,3,2,2,2
29/01/2021,3,3,3,3,3,2,3,3,2,3,2,3,3,3,3,2,2,2,3,3,2,2,2,2,1,2,2,2,2,2,3,2
30/01/2021,3,2,2,2,3,3,2,2,2,2,2,3,3,3,2,3,2,2,3,3,3,2,2,2,1,2,1,2,3,2,2,2
31/01/2021,2,2,2,2,3,2,2,2,2,2,2,2,2,2,2,3,2,2,2,2,2,2,2,2,1,2,2,2,2,2,2,2
01/02/2021,3,2,2,2,3,3,2,2,2,2,2,2,2,2,3,3,2,2,2,2,2,2,2,2,2,2,2,2,2,2,2,2
02/02/2021,3,3,3,3,3,3,3,3,2,2,3,3,10,3,3,3,2,3,2,3,3,2,2,2,1,2,2,2,10,2,2,2
03/02/2021,3,3,3,3,3,3,3,3,2,2,2,3,5,3,3,2,2,3,3,3,3,2,2,3,2,2,2,2,5,2,3,2
04/02/2021,3,2,2,2,3,2,2,2,2,2,2,3,3,3,2,2,2,2,2,2,3,2,2,2,2,2,1,2,2,2,2,2
05/02/2021,2,2,2,2,3,2,2,2,2,2,2,3,3,3,2,2,2,2,2,2,2,2,2,2,2,1,1,2,2,2,2,2
06/02/2021,3,2,2,2,3,3,3,2,2,2,2,2,2,2,2,3,2,2,2,1,3,2,2,2,1,2,1,2,2,2,2,2
07/02/2021,3,3,3,3,3,3,3,3,3,3,3,3,3,3,3,3,3,2,3,3,3,3,3,3,1,3,2,3,3,2,3,3
08/02/2021,3,3,3,3,3,3,3,3,3,3,3,3,3,3,3,3,3,2,3,3,3,3,3,3,1,3,1,2,3,2,3,3
09/02/2021,3,3,3,3,3,3,3,3,3,3,3,3,3,3,3,3,3,2,2,3,3,3,2,3,1,3,1,2,3,2,3,3
10/02/2021,3,3,3,3,3,3,3,3,3,3,3,3,3,3,3,3,3,2,2,2,3,2,2,2,1,2,1,2,3,2,3,3
11/02/2021,3,3,3,3,3,3,2,2,3,3,3,3,3,3,3,4,3,2,2,2,2,3,3,3,1,2,1,3,2,2,3,4
12/02/2021,3,3,3,3,3,3,3,2,3,3,3,3,3,3,3,6,3,2,2,3,3,2,2,3,1,2,1,2,2,2,3,4
13/02/2021,3,3,3,2,4,3,3,2,3,3,3,3,3,2,3,3,3,2,2,2,3,3,2,3,1,2,2,3,2,3,3,3
14/02/2021,3,3,3,3,3,2,3,2,2,3,2,3,3,3,2,3,2,2,2,2,3,2,2,2,2,2,2,2,2,2,2,2
15/02/2021,3,3,2,2,3,2,2,3,2,3,3,3,3,3,3,2,3,2,2,2,3,2,2,2,2,2,2,2,3,2,3,2
16/02/2021,3,3,2,2,3,3,2,3,3,3,3,3,5,3,3,3,3,3,3,3,3,3,2,2,2,2,2,3,5,2,3,2
17/02/2021,3,3,3,3,3,3,2,3,3,3,3,3,3,3,3,3,3,3,3,3,3,3,3,2,2,2,2,3,2,2,3,2
18/02/2021,3,3,3,3,3,3,2,3,3,3,3,3,3,3,3,3,3,3,3,3,3,3,3,3,2,3,2,3,3,2,3,3
19/02/2021,3,3,3,3,3,3,2,3,3,3,3,3,3,3,3,3,3,3,3,3,3,3,2,3,2,2,2,3,2,2,3,3
20/02/2021,3,3,3,3,3,2,2,3,3,3,3,3,3,3,3,3,3,2,2,3,3,3,2,3,2,2,3,2,3,2,3,2
21/02/2021,3,3,3,3,3,3,3,3,3,3,3,3,3,3,3,3,3,2,3,3,3,3,3,3,2,2,2,3,3,3,3,3
22/02/2021,3,3,3,3,3,2,2,3,2,3,3,2,3,3,3,3,3,2,2,2,3,2,2,2,2,2,2,2,3,2,3,2
23/02/2021,3,3,3,3,3,2,2,3,3,3,3,3,3,3,3,3,3,2,3,3,3,2,3,3,2,3,1,2,3,2,3,2
24/02/2021,3,3,3,3,3,2,2,3,3,3,3,3,3,3,3,3,3,2,3,3,3,3,2,3,1,3,1,2,2,2,3,2
25/02/2021,3,3,3,3,3,3,3,3,3,3,3,3,3,3,3,3,2,2,3,3,2,2,3,3,2,3,2,3,3,2,3,3
26/02/2021,3,4,3,3,3,2,2,3,3,3,3,3,3,3,3,2,3,2,3,2,2,2,2,4,3,3,2,2,2,2,2,2
27/02/2021,3,4,3,3,3,2,2,3,3,2,2,3,3,3,4,3,2,2,3,2,2,2,2,4,3,3,2,2,2,2,2,3
28/02/2021,3,3,3,2,3,3,2,3,3,3,3,3,3,3,4,4,3,2,3,2,2,2,3,2,3,3,2,3,2,2,4,3
01/03/2021,3,2,3,3,3,3,2,2,3,3,3,3,3,3,2,3,3,3,3,2,2,2,3,2,3,2,3,3,3,2,2,3
02/03/2021,3,4,4,4,2,2,2,3,3,4,2,6,4,6,3,4,4,5,4,3,2,2,3,3,3,3,4,2,3,2,3,4
03/03/2021,3,7,5,5,3,3,3,6,6,3,3,6,7,5,6,7,2,5,5,5,2,2,5,5,5,5,4,7,6,2,6,5
04/03/2021,3,3,3,2,3,3,3,3,3,3,3,3,3,4,3,3,2,2,4,3,3,2,3,2,2,2,2,2,3,3,2,3
05/03/2021,3,3,3,3,3,3,3,3,3,3,3,3,3,3,3,3,3,3,3,3,3,2,3,3,2,3,2,2,3,2,3,3
06/03/2021,3,3,3,3,3,2,2,3,3,3,3,3,3,3,3,3,3,3,3,3,2,2,3,3,3,2,1,3,3,2,3,3
07/03/2021,2,3,3,3,3,2,2,3,3,3,3,3,3,3,3,3,3,3,3,2,2,2,3,3,3,3,2,2,3,2,3,3
08/03/2021,3,3,4,5,3,2,2,3,3,2,3,4,3,5,3,2,2,3,3,2,2,2,3,3,3,3,3,2,3,2,3,2
09/03/2021,3,3,3,3,3,2,2,3,3,3,3,3,4,3,3,2,3,3,2,3,3,3,2,2,3,2,2,2,2,2,3,2
10/03/2021,3,3,3,3,3,3,3,3,3,3,3,3,3,3,3,3,3,3,3,3,3,3,3,3,1,3,2,3,3,2,3,3
11/03/2021,3,3,3,3,3,3,3,3,3,3,3,3,3,3,3,3,3,3,3,3,3,3,3,3,2,3,2,3,3,3,3,3
12/03/2021,3,3,3,3,3,3,3,3,3,3,3,3,3,3,3,3,3,3,3,3,3,3,3,3,1,3,2,3,3,3,3,3
13/03/2021,3,3,3,3,3,3,3,3,3,3,3,3,3,3,3,3,3,3,3,3,2,2,3,3,1,3,2,3,3,3,3,3
14/03/2021,3,3,3,3,3,3,3,3,3,3,3,3,3,3,3,3,3,3,3,3,3,3,3,3,2,3,2,3,3,3,3,3
15/03/2021,3,3,3,3,3,2,3,3,3,3,3,3,3,3,3,3,3,3,3,3,2,3,3,3,3,3,2,3,3,2,3,3
16/03/2021,3,3,3,3,3,2,3,3,3,3,3,3,3,3,3,3,3,2,2,2,2,2,2,2,2,2,1,2,2,2,3,2
17/03/2021,3,2,3,3,3,2,3,3,3,3,3,3,3,3,3,3,2,2,3,3,2,2,3,2,3,2,2,2,2,2,2,3
18/03/2021,3,2,3,3,3,2,3,2,2,3,3,3,3,3,2,3,3,2,3,2,2,2,2,2,2,2,2,2,2,2,2,2
19/03/2021,2,3,3,3,3,2,2,2,2,2,2,3,3,3,2,3,2,3,2,2,2,2,2,2,1,2,1,2,2,2,2,3
20/03/2021,2,3,3,3,3,2,3,2,2,2,3,3,3,2,2,2,2,2,2,2,2,2,2,2,2,2,2,2,2,2,2,2
21/03/2021,3,3,3,3,3,3,3,3,3,3,3,3,3,3,3,3,3,3,2,2,2,2,3,2,2,3,1,2,2,2,3,3
22/03/2021,3,3,3,3,3,2,2,3,3,2,3,3,3,3,3,3,2,3,2,2,2,2,2,3,2,2,2,2,2,2,3,2
23/03/2021,3,3,3,3,3,3,2,3,3,3,3,3,3,3,3,3,3,3,3,3,3,2,3,3,2,3,2,3,3,3,3,2
24/03/2021,3,3,3,3,4,3,3,3,3,3,3,4,3,3,3,3,2,3,3,3,3,3,3,2,2,3,2,3,3,3,3,3
25/03/2021,3,3,3,3,4,3,2,3,3,3,3,3,5,3,3,3,2,3,3,3,3,3,3,2,2,3,2,3,5,3,3,3
26/03/2021,3,3,3,3,3,3,3,3,3,3,3,3,3,3,3,3,3,3,3,3,3,3,3,2,2,3,1,3,3,3,3,3
27/03/2021,3,3,3,3,3,3,3,3,3,3,3,3,5,3,3,3,3,3,3,3,3,3,3,3,2,3,1,3,5,3,3,3
28/03/2021,3,3,3,3,4,3,3,3,3,3,3,3,10,3,3,3,3,3,3,3,3,3,3,3,1,3,1,3,10,3,3,3
29/03/2021,2,3,3,3,3,3,2,3,3,3,3,3,5,3,3,3,2,3,3,3,2,2,3,3,1,3,1,3,5,3,3,3
30/03/2021,3,4,4,4,1,3,2,3,3,3,3,4,3,3,4,3,2,3,3,3,2,2,3,3,3,3,2,3,3,3,4,3
31/03/2021,3,4,5,8,1,3,3,3,3,3,3,4,6,3,4,3,2,3,3,4,3,2,3,3,3,3,3,3,6,3,4,3
01/04/2021,3,3,3,3,3,3,3,3,3,2,3,3,3,3,3,3,2,2,3,2,3,3,3,3,2,3,3,3,3,3,3,3
02/04/2021,4,3,3,3,4,3,3,3,3,3,4,3,3,3,3,3,2,3,3,3,3,3,3,3,2,3,1,3,3,3,3,3
03/04/2021,4,3,3,3,4,3,3,3,3,3,3,3,3,3,3,3,2,3,3,3,3,2,3,3,3,3,2,3,3,3,3,3
04/04/2021,3,3,3,3,4,3,3,3,3,3,3,3,5,3,3,3,3,3,3,3,3,3,3,3,3,3,2,3,5,3,3,3
05/04/2021,4,3,3,3,4,3,3,3,3,3,3,3,3,3,3,3,3,3,3,3,3,3,3,3,1,3,1,3,3,3,3,3
06/04/2021,4,3,3,3,4,3,3,3,3,3,3,3,3,3,3,3,2,3,3,3,3,3,3,2,1,2,1,3,3,3,3,3
07/04/2021,3,3,3,3,4,3,3,3,3,3,3,3,3,3,3,3,2,3,3,3,3,3,3,3,1,3,1,3,3,3,3,3
08/04/2021,4,3,3,3,4,3,3,3,3,3,3,3,3,3,3,3,2,3,3,3,3,3,3,2,1,3,1,3,3,3,3,3
09/04/2021,4,3,3,3,3,3,3,3,3,3,3,3,3,3,3,3,2,3,3,3,3,3,3,2,1,3,1,3,3,3,3,3
10/04/2021,3,3,3,3,3,3,3,3,3,3,3,3,3,3,3,3,2,2,2,3,3,3,2,3,1,3,2,2,3,3,3,3
11/04/2021,4,3,3,3,3,3,3,3,3,3,4,3,3,3,3,3,3,3,3,3,3,3,3,3,1,3,1,3,3,3,3,3
12/04/2021,3,3,3,3,3,3,3,3,3,3,4,3,3,3,3,3,3,3,3,3,3,2,3,3,2,3,1,3,3,2,3,3
13/04/2021,5,3,3,3,3,2,3,3,3,3,3,3,3,3,3,3,2,3,3,2,3,2,3,3,2,3,2,3,3,2,3,3
14/04/2021,5,3,3,3,3,3,3,3,3,3,3,3,3,3,3,3,2,3,3,3,3,2,3,3,2,3,2,3,2,3,3,3
15/04/2021,5,3,3,3,3,3,3,3,3,3,4,3,3,3,3,3,3,3,3,3,3,3,3,3,2,3,1,3,3,3,3,3
16/04/2021,5,3,3,4,3,3,3,3,3,3,4,3,3,4,3,3,3,3,3,3,3,3,3,3,2,3,2,3,3,3,3,3
17/04/2021,5,3,3,4,3,3,3,3,3,3,4,3,3,4,3,3,3,3,3,3,3,3,3,3,3,3,2,3,3,3,3,3
18/04/2021,5,3,3,4,4,3,3,4,3,3,4,4,4,4,4,3,3,3,4,4,3,3,3,3,2,3,2,3,3,3,4,3
19/04/2021,5,3,3,3,4,3,3,4,4,3,5,3,4,4,4,3,3,3,4,4,3,3,3,3,3,3,2,3,4,3,4,3
20/04/2021,5,4,3,5,3,3,3,4,4,3,5,4,4,4,4,4,3,3,4,3,3,3,3,3,3,3,3,3,3,3,4,3
21/04/2021,5,3,3,4,3,3,3,4,3,4,4,3,3,4,4,3,2,3,3,3,3,3,3,3,2,3,2,3,3,3,3,3
22/04/2021,5,3,3,3,3,3,3,3,3,4,4,3,3,4,3,3,3,3,3,3,3,3,3,3,2,3,2,3,3,3,3,3
23/04/2021,5,3,3,3,4,3,3,3,3,3,5,3,3,4,3,3,2,3,3,3,3,3,3,3,2,3,2,3,3,3,3,3
24/04/2021,5,4,3,3,3,3,3,3,4,4,4,4,4,4,4,3,3,3,4,4,3,3,3,3,2,3,2,3,3,3,3,3
25/04/2021,5,3,3,3,3,3,3,3,3,3,4,3,3,4,3,3,2,3,3,3,3,3,3,3,1,3,1,3,3,3,3,3
26/04/2021,5,3,3,3,3,3,3,3,3,4,4,3,3,4,3,3,3,3,3,3,3,3,3,3,2,3,2,3,3,2,3,3
27/04/2021,5,3,3,3,4,3,3,3,3,3,4,3,3,4,3,3,3,3,3,3,3,3,3,3,2,3,2,3,3,3,3,3
28/04/2021,5,4,4,3,4,3,3,3,3,3,4,3,3,3,3,3,2,3,3,3,3,3,3,3,1,3,3,3,3,3,3,3
29/04/2021,5,3,3,3,3,3,3,3,3,3,4,3,3,4,3,3,2,3,3,3,3,3,3,3,1,3,3,3,3,3,3,3
30/04/2021,3,3,3,3,3,3,3,3,3,3,4,3,3,3,3,3,2,3,3,3,3,3,3,3,2,3,3,3,3,3,3,3
01/05/2021,3,3,3,3,3,2,3,3,3,3,4,3,3,4,3,3,2,3,3,3,3,3,3,3,1,3,3,3,3,2,3,3
02/05/2021,3,3,3,3,3,3,2,3,3,3,4,4,3,4,3,3,2,3,3,3,3,3,3,3,2,3,4,3,3,3,3,3
03/05/2021,3,3,4,3,4,3,3,3,3,3,3,4,5,4,3,3,2,3,3,3,3,2,3,3,1,3,4,3,5,3,3,2
04/05/2021,3,3,3,3,4,3,3,3,3,3,4,3,3,4,3,3,2,3,3,3,3,3,3,2,1,3,3,3,3,3,3,3
05/05/2021,3,3,3,3,3,2,3,3,3,3,3,3,3,3,3,3,2,3,3,3,2,2,3,2,1,2,3,2,2,2,3,3
06/05/2021,3,3,3,3,3,2,3,3,3,3,3,3,3,3,3,3,2,3,3,3,2,2,3,2,1,3,3,3,3,2,3,3
07/05/2021,3,3,3,10,3,2,3,3,3,3,3,3,3,4,3,3,2,3,3,3,2,3,3,2,2,3,3,3,3,2,3,3
08/05/2021,3,3,3,3,4,3,3,3,3,3,3,3,3,3,3,3,2,3,3,3,3,2,2,2,1,2,3,2,3,2,2,2
09/05/2021,3,3,2,2,4,3,3,3,3,3,4,3,3,3,3,3,3,2,3,3,3,3,3,0,1,3,3,3,3,3,3,3
10/05/2021,3,3,3,3,3,3,2,3,3,3,4,3,6,4,3,3,3,3,3,3,3,3,3,2,2,3,3,3,6,2,3,3
11/05/2021,3,3,3,3,4,3,3,3,3,3,5,4,3,3,3,3,3,3,3,3,3,3,3,3,1,3,4,3,3,3,3,3
12/05/2021,3,3,3,3,4,3,3,3,3,3,5,3,3,3,3,3,3,3,3,3,3,3,3,3,2,3,3,3,3,3,3,3
13/05/2021,3,3,3,3,4,3,3,3,3,3,4,3,3,3,3,4,3,3,3,3,3,3,2,3,2,3,3,3,2,3,3,3
14/05/2021,3,3,3,3,3,3,3,3,3,3,4,3,3,3,3,3,3,3,3,3,3,3,3,2,2,3,3,3,3,3,3,3
15/05/2021,3,3,3,3,3,3,3,3,3,3,4,3,3,3,3,3,3,3,3,3,3,2,3,2,2,3,3,2,3,3,3,2
16/05/2021,3,3,3,3,4,3,3,3,3,3,4,3,3,3,3,3,3,3,3,3,3,3,3,2,1,2,3,2,3,3,2,3
17/05/2021,3,3,3,2,4,3,3,3,3,3,4,3,3,3,3,3,3,3,3,3,3,3,3,2,2,3,3,3,3,3,3,3
18/05/2021,3,3,3,2,4,3,2,3,3,3,4,3,3,3,3,3,3,3,3,3,3,3,3,2,1,3,3,3,3,3,3,3
19/05/2021,3,3,3,3,4,2,3,3,3,3,4,3,3,3,3,3,2,3,3,3,2,3,3,2,1,3,3,3,3,2,3,3
20/05/2021,3,3,3,3,4,2,3,3,3,3,4,3,5,3,3,3,2,3,3,3,3,2,2,2,1,2,3,2,5,2,3,3
21/05/2021,3,3,3,3,4,2,3,3,3,3,4,3,3,3,3,3,2,3,3,3,3,3,2,2,1,3,3,2,3,2,3,2
22/05/2021,3,3,3,3,4,3,3,3,3,3,4,3,3,3,3,3,2,3,3,3,3,3,3,2,1,2,3,3,3,3,3,3
23/05/2021,3,3,3,3,4,3,3,3,3,3,4,3,4,3,3,3,3,3,3,3,3,3,3,3,1,3,3,3,4,3,3,3
24/05/2021,3,3,3,3,4,3,3,3,3,3,4,3,3,3,3,3,2,3,3,3,3,2,3,2,1,3,3,3,3,3,3,3
25/05/2021,3,3,3,3,4,3,3,3,3,3,4,3,3,3,3,3,2,3,3,3,3,2,3,2,2,3,3,3,3,2,3,3
26/05/2021,3,3,3,3,3,3,3,3,3,3,4,3,3,3,3,3,2,3,3,3,3,2,2,2,1,2,3,3,3,3,3,3
27/05/2021,3,3,3,3,4,2,3,3,3,3,4,4,3,4,3,3,2,3,3,3,2,3,3,3,2,3,4,2,3,2,3,2
28/05/2021,3,3,3,3,4,3,3,3,3,2,5,4,3,4,3,3,2,3,3,3,2,2,3,3,2,3,4,3,3,3,3,3
29/05/2021,2,4,3,3,4,3,3,3,3,3,5,5,3,4,3,4,2,3,3,3,2,2,3,3,2,3,5,3,3,2,3,3
30/05/2021,3,3,3,3,6,3,3,3,4,4,6,4,4,4,3,3,3,3,3,3,2,3,3,3,2,3,4,3,3,3,3,3
31/05/2021,4,4,4,4,6,3,3,3,4,4,5,4,4,4,4,3,3,4,4,4,2,3,3,3,2,3,4,3,3,2,3,3
01/06/2021,4,5,5,5,5,3,3,4,5,3,6,5,5,5,5,5,3,5,4,4,3,3,4,4,2,4,4,4,4,3,5,4
02/06/2021,3,5,5,5,5,4,3,4,5,4,6,6,5,5,5,4,2,5,4,4,3,3,4,4,2,4,4,3,4,2,4,3
03/06/2021,3,4,4,4,4,3,3,3,3,3,4,4,3,3,4,3,3,3,3,3,3,3,3,3,2,3,3,3,3,3,3,3
04/06/2021,3,3,3,3,3,3,3,3,3,3,4,3,3,3,3,3,3,2,3,3,2,2,3,2,2,2,3,2,2,2,3,3
05/06/2021,3,3,3,3,3,3,3,3,3,3,4,3,3,3,3,3,2,3,3,2,2,2,3,3,1,3,3,3,2,2,3,3
06/06/2021,3,3,3,3,3,2,2,2,3,3,3,3,3,3,2,3,2,2,2,2,2,2,2,2,1,2,3,2,2,2,2,3
07/06/2021,3,3,4,3,3,3,2,3,3,3,4,3,3,3,3,3,3,2,2,2,2,3,3,2,2,3,3,3,2,2,3,3
08/06/2021,3,3,3,3,3,3,2,3,3,2,3,3,3,3,3,3,2,2,3,3,2,2,3,3,2,3,3,3,2,2,3,3
09/06/2021,2,3,4,4,2,2,2,3,2,2,3,3,2,3,3,3,2,3,3,2,2,2,2,2,2,3,3,2,2,2,3,3
10/06/2021,2,2,3,3,3,2,2,2,2,2,3,2,2,2,2,3,2,2,2,1,2,2,2,2,1,2,2,2,1,2,2,2
11/06/2021,2,3,2,3,3,2,2,2,3,3,3,2,2,2,2,3,2,1,2,2,2,2,2,2,2,2,2,2,2,2,2,3
12/06/2021,3,3,3,3,3,2,2,2,3,2,3,3,2,3,3,3,2,3,3,2,2,2,3,2,2,3,3,3,2,2,3,3
13/06/2021,2,3,3,4,2,2,2,2,2,2,2,3,3,4,3,2,2,3,3,3,2,2,2,2,2,3,3,2,3,2,2,2
14/06/2021,3,3,4,3,2,2,2,2,3,2,2,4,3,3,3,3,2,3,3,3,2,2,2,2,2,2,4,2,2,2,2,2
15/06/2021,3,3,3,3,2,3,2,3,3,2,3,4,4,4,3,3,2,3,3,3,3,2,3,3,1,3,4,3,4,3,3,3
16/06/2021,3,4,5,3,3,3,2,3,3,2,3,3,3,4,4,4,2,3,3,2,2,2,2,3,2,3,3,3,2,3,3,3
17/06/2021,3,3,3,3,2,2,2,3,3,2,2,3,2,3,3,3,2,2,2,2,2,2,2,2,2,2,2,2,2,2,2,2
18/06/2021,2,2,3,2,2,2,2,2,2,2,2,3,2,3,3,2,2,2,2,2,2,2,2,2,2,2,2,2,2,2,2,2
19/06/2021,2,3,2,2,2,2,2,3,3,3,2,2,3,3,3,2,2,2,2,2,2,2,2,2,1,2,2,2,2,2,3,2
20/06/2021,2,3,3,2,3,2,2,2,3,3,2,3,2,3,3,3,2,2,2,2,2,2,2,2,1,2,3,2,2,2,2,3
21/06/2021,2,2,3,2,3,2,2,3,2,2,2,3,3,3,3,3,2,2,2,2,2,2,2,2,1,2,3,2,3,2,2,2
22/06/2021,3,3,3,2,3,2,2,3,3,2,3,3,3,3,3,3,2,2,2,2,2,2,3,2,2,2,3,2,2,2,3,3
23/06/2021,2,3,3,3,2,2,2,3,2,2,2,3,3,3,3,3,2,3,3,3,2,2,2,3,2,3,3,3,3,2,3,2
24/06/2021,2,2,3,5,2,2,2,2,2,2,2,3,2,3,3,2,2,3,2,2,1,1,2,2,2,2,3,2,2,2,2,2
25/06/2021,2,2,2,3,2,2,2,2,2,2,2,3,2,3,2,2,2,2,2,2,2,2,2,2,1,2,3,2,2,2,2,2
26/06/2021,2,2,3,3,2,2,2,3,3,2,2,3,3,3,3,2,2,1,3,3,2,2,2,2,1,2,3,2,2,2,2,2
27/06/2021,2,3,3,3,2,2,2,2,2,2,2,3,3,3,3,3,2,3,2,2,2,2,2,2,1,2,3,2,3,2,3,2
28/06/2021,2,3,3,3,3,2,2,2,2,2,3,3,3,3,3,2,2,2,2,2,2,2,2,2,1,2,3,2,3,2,3,2
29/06/2021,3,3,2,4,2,2,2,3,3,2,3,3,2,3,2,2,2,2,2,2,2,3,2,2,2,2,2,2,2,2,2,2
30/06/2021,3,3,3,2,2,2,2,3,3,2,3,3,4,4,3,2,2,2,3,3,2,3,2,2,2,2,3,2,4,2,2,2
01/07/2021,3,3,3,3,3,2,2,3,3,2,3,3,3,3,2,3,2,2,3,2,2,3,3,2,2,3,3,3,3,2,2,3
02/07/2021,2,3,4,3,3,2,2,3,3,2,3,3,3,3,3,3,2,3,3,3,2,2,3,3,2,3,3,3,2,2,3,3
03/07/2021,2,2,3,3,3,2,2,3,2,2,3,3,3,3,3,3,2,2,2,2,2,2,2,2,1,2,3,2,3,2,2,2
04/07/2021,2,2,2,2,3,2,3,2,2,2,2,2,2,3,2,2,2,2,2,2,2,2,2,2,1,2,2,2,2,2,2,2
05/07/2021,2,2,3,3,3,2,3,2,2,2,2,3,2,3,3,2,2,2,2,2,2,2,2,2,1,2,3,2,2,2,3,2
06/07/2021,2,2,2,2,3,2,2,2,2,2,2,3,2,3,2,2,2,2,2,2,2,2,2,2,1,2,3,2,2,2,2,2
07/07/2021,2,2,2,2,3,2,2,2,3,2,3,3,2,3,2,2,2,2,2,2,2,2,2,2,1,2,3,2,2,2,2,2
08/07/2021,2,3,3,2,3,2,2,3,3,2,2,3,2,3,3,3,2,2,3,2,2,2,2,2,1,2,3,3,2,2,3,3
09/07/2021,2,3,3,3,2,2,2,2,2,2,2,3,2,3,3,3,2,2,2,2,2,2,2,2,2,2,3,3,2,2,3,3
10/07/2021,2,2,2,2,3,2,2,2,3,2,3,2,2,3,2,3,2,2,2,2,2,2,2,2,2,2,2,2,2,2,2,2
11/07/2021,3,3,3,3,3,2,3,2,2,2,3,3,2,3,2,3,2,2,2,2,2,2,2,2,2,2,3,2,2,2,2,2
12/07/2021,3,2,3,2,3,2,2,2,2,2,3,3,2,3,2,3,2,2,2,2,2,3,2,2,1,2,2,2,2,2,2,2
13/07/2021,3,3,3,3,2,2,2,3,3,2,3,3,3,3,3,3,2,3,2,2,3,2,3,2,1,2,3,2,2,2,3,2
14/07/2021,2,3,3,3,2,2,2,2,2,2,3,3,2,3,3,3,2,3,2,2,2,2,2,2,1,2,3,2,2,2,3,2
15/07/2021,3,3,3,2,2,2,2,3,2,2,3,3,3,3,3,2,2,3,3,2,3,2,2,2,2,2,3,2,2,2,3,2
16/07/2021,2,3,3,3,2,2,2,3,2,2,3,3,3,4,3,3,2,2,3,3,2,1,2,3,1,2,3,2,2,2,3,2
17/07/2021,2,3,3,3,2,2,2,3,2,2,3,3,4,4,3,2,2,2,3,3,2,1,2,3,2,2,3,2,4,2,3,2
18/07/2021,2,3,3,4,2,2,2,3,3,2,3,3,3,4,3,3,1,2,4,3,2,2,3,3,2,3,3,3,3,2,3,2
19/07/2021,3,4,3,4,2,2,2,3,3,3,3,4,4,4,4,3,2,3,3,3,2,2,3,3,2,3,4,3,4,2,4,3
20/07/2021,4,5,4,4,2,3,2,3,3,3,3,3,5,5,4,3,2,3,3,3,2,4,2,3,2,3,3,3,5,2,4,3
21/07/2021,3,4,4,4,2,2,2,4,5,3,3,5,4,6,5,3,3,3,4,3,3,3,3,3,2,3,5,3,4,2,5,3
22/07/2021,3,4,3,4,2,2,2,5,5,3,3,5,5,6,5,5,2,3,5,5,2,3,4,3,3,3,5,4,3,2,5,3
23/07/2021,3,3,3,3,2,2,2,5,3,4,2,3,4,4,3,3,2,2,3,4,2,2,2,2,2,2,3,2,3,2,3,2
24/07/2021,2,2,3,3,2,2,2,3,2,3,2,4,3,4,3,2,2,3,3,3,2,2,2,2,2,2,4,2,3,2,3,2
25/07/2021,3,3,4,3,3,2,3,3,3,3,3,4,3,4,3,3,2,3,3,3,3,3,3,3,2,3,4,3,3,2,3,3
26/07/2021,3,3,3,3,4,3,3,3,3,3,3,3,3,4,4,3,3,3,3,3,3,2,3,3,1,3,3,3,3,3,4,3
27/07/2021,3,3,3,3,4,3,3,3,3,3,2,3,3,4,3,3,2,3,3,1,3,2,3,3,1,2,3,3,3,3,3,2
28/07/2021,3,2,3,3,3,2,3,3,3,2,3,3,3,3,2,3,2,2,2,2,3,2,2,2,1,2,3,2,3,2,2,2
29/07/2021,3,2,2,2,3,3,2,2,2,2,3,2,2,3,2,3,2,2,2,2,3,3,2,2,1,2,2,2,2,3,2,2
30/07/2021,3,2,2,2,3,2,2,3,3,2,3,3,2,4,3,3,2,2,2,2,2,2,2,1,1,2,3,2,2,2,2,2
31/07/2021,3,2,3,2,2,2,2,3,2,2,2,3,2,3,2,3,2,2,2,2,2,2,2,2,1,2,3,2,2,2,2,2
01/08/2021,3,2,2,2,2,2,2,3,2,2,3,3,2,4,3,2,2,2,2,2,2,2,2,2,1,2,3,2,2,2,3,2
02/08/2021,3,2,3,2,2,2,2,3,3,2,3,3,2,4,3,3,2,2,2,2,3,2,2,2,1,2,3,2,2,2,3,2
03/08/2021,2,3,3,3,3,3,2,3,3,2,2,3,3,4,3,3,2,3,3,3,2,2,3,3,1,3,3,3,2,3,3,3
04/08/2021,3,4,4,3,3,3,2,3,3,2,3,3,3,5,3,3,2,3,3,3,3,2,3,3,2,3,3,3,2,3,3,2
05/08/2021,4,3,3,3,3,3,2,2,2,2,3,3,6,3,3,3,2,2,2,2,3,3,2,2,1,2,3,2,6,3,3,2
06/08/2021,3,2,3,2,3,3,3,2,2,2,3,3,6,3,2,3,2,2,2,2,3,2,2,2,1,2,3,2,6,3,2,2
,,,,,,,,,,,,,,,,,,,,,,,,,,,,,,,,
End of file,,,,,,,,,,,,,,,,,,,,,,,,,,,,,,,,