Date,"Nitrogen dioxide",Status
11/08/2014,no data,"V µg/m³"
12/08/2014,17.51739,"V µg/m³"
13/08/2014,28.24952,"V µg/m³"
14/08/2014,36.92519,"V µg/m³"
15/08/2014,29.50900,"V µg/m³"
16/08/2014,25.79187,"V µg/m³"
17/08/2014,10.58280,"V µg/m³"
18/08/2014,28.69993,"V µg/m³"
19/08/2014,31.93934,"V µg/m³"
20/08/2014,37.56412,"V µg/m³"
21/08/2014,31.74485,"V µg/m³"
22/08/2014,31.34706,"V µg/m³"
23/08/2014,29.56572,"V µg/m³"
24/08/2014,23.43692,"V µg/m³"
25/08/2014,7.82005,"V µg/m³"
26/08/2014,14.56441,"V µg/m³"
27/08/2014,18.04262,"V µg/m³"
28/08/2014,16.68830,"V µg/m³"
29/08/2014,16.42678,"V µg/m³"
30/08/2014,24.38505,"V µg/m³"
31/08/2014,23.16733,"V µg/m³"
01/09/2014,33.31726,"V µg/m³"
02/09/2014,17.93967,"V µg/m³"
03/09/2014,21.90568,"V µg/m³"
04/09/2014,26.31910,"V µg/m³"
05/09/2014,36.44386,"V µg/m³"
06/09/2014,50.01530,"V µg/m³"
07/09/2014,27.29464,"V µg/m³"
08/09/2014,23.20053,"V µg/m³"
09/09/2014,20.47186,"V µg/m³"
10/09/2014,17.12801,"V µg/m³"
11/09/2014,18.39516,"V µg/m³"
12/09/2014,16.36818,"V µg/m³"
13/09/2014,10.08425,"V µg/m³"
14/09/2014,6.20009,"V µg/m³"
15/09/2014,19.61145,"V µg/m³"
16/09/2014,21.71585,"V µg/m³"
17/09/2014,14.00439,"V µg/m³"
18/09/2014,26.90873,"V µg/m³"
19/09/2014,26.90863,"V µg/m³"
20/09/2014,22.44956,"V µg/m³"
21/09/2014,10.77399,"V µg/m³"
22/09/2014,34.16326,"V µg/m³"
23/09/2014,43.79942,"V µg/m³"
24/09/2014,32.80740,"V µg/m³"
25/09/2014,33.02790,"V µg/m³"
26/09/2014,34.58867,"V µg/m³"
27/09/2014,34.19062,"V µg/m³"
28/09/2014,23.76196,"V µg/m³"
29/09/2014,36.91577,"V µg/m³"
30/09/2014,35.38500,"V µg/m³"
01/10/2014,33.38019,"V µg/m³"
02/10/2014,31.81558,"V µg/m³"
03/10/2014,32.92038,"V µg/m³"
04/10/2014,25.17680,"V µg/m³"
05/10/2014,25.07837,"V µg/m³"
06/10/2014,13.07392,"V µg/m³"
07/10/2014,26.14966,"V µg/m³"
08/10/2014,19.30845,"V µg/m³"
09/10/2014,18.93883,"V µg/m³"
10/10/2014,27.15757,"V µg/m³"
11/10/2014,28.62449,"V µg/m³"
12/10/2014,14.55464,"V µg/m³"
13/10/2014,21.56616,"V µg/m³"
14/10/2014,44.48675,"V µg/m³"
15/10/2014,22.84442,"V µg/m³"
16/10/2014,35.91865,"V µg/m³"
17/10/2014,24.94172,"V µg/m³"
18/10/2014,17.80421,"V µg/m³"
19/10/2014,8.89894,"V µg/m³"
20/10/2014,21.99965,"V µg/m³"
21/10/2014,18.23633,"V µg/m³"
22/10/2014,41.79016,"V µg/m³"
23/10/2014,26.26306,"V µg/m³"
24/10/2014,34.54620,"V µg/m³"
25/10/2014,31.85630,"V µg/m³"
26/10/2014,18.77120,"V µg/m³"
27/10/2014,17.15584,"V µg/m³"
28/10/2014,20.80423,"V µg/m³"
29/10/2014,23.92414,"V µg/m³"
30/10/2014,26.57984,"V µg/m³"
31/10/2014,22.44923,"V µg/m³"
01/11/2014,21.89174,"V µg/m³"
02/11/2014,13.16889,"V µg/m³"
03/11/2014,33.60494,"V µg/m³"
04/11/2014,40.90504,"V µg/m³"
05/11/2014,38.34615,"V µg/m³"
06/11/2014,34.75771,"V µg/m³"
07/11/2014,22.99940,"V µg/m³"
08/11/2014,16.62746,"V µg/m³"
09/11/2014,32.92766,"V µg/m³"
10/11/2014,24.31202,"V µg/m³"
11/11/2014,7.88064,"V µg/m³"
12/11/2014,nodata,"V µg/m³"
13/11/2014,nodata,"V µg/m³"
14/11/2014,23.90885,"V µg/m³"
15/11/2014,26.96914,"V µg/m³"
16/11/2014,30.20325,"V µg/m³"
17/11/2014,35.62225,"V µg/m³"
18/11/2014,45.99808,"V µg/m³"
19/11/2014,41.15877,"V µg/m³"
20/11/2014,41.97012,"V µg/m³"
21/11/2014,40.02885,"V µg/m³"
22/11/2014,25.68298,"V µg/m³"
23/11/2014,24.08676,"V µg/m³"
24/11/2014,55.08187,"V µg/m³"
25/11/2014,43.07304,"V µg/m³"
26/11/2014,46.33976,"V µg/m³"
27/11/2014,24.65723,"V µg/m³"
28/11/2014,32.70839,"V µg/m³"
29/11/2014,31.45269,"V µg/m³"
30/11/2014,28.04159,"V µg/m³"
01/12/2014,16.97307,"V µg/m³"
02/12/2014,19.64165,"V µg/m³"
03/12/2014,14.13865,"V µg/m³"
04/12/2014,29.73797,"V µg/m³"
05/12/2014,51.38305,"V µg/m³"
06/12/2014,55.21329,"V µg/m³"
07/12/2014,25.97270,"V µg/m³"
08/12/2014,40.41011,"V µg/m³"
09/12/2014,36.37973,"V µg/m³"
10/12/2014,30.79881,"V µg/m³"
11/12/2014,21.48094,"V µg/m³"
12/12/2014,35.50232,"V µg/m³"
13/12/2014,49.33038,"V µg/m³"
14/12/2014,24.97168,"V µg/m³"
15/12/2014,48.97640,"V µg/m³"
16/12/2014,59.09679,"V µg/m³"
17/12/2014,29.34171,"V µg/m³"
18/12/2014,12.86880,"V µg/m³"
19/12/2014,30.32245,"V µg/m³"
20/12/2014,27.23053,"V µg/m³"
21/12/2014,12.46631,"V µg/m³"
22/12/2014,13.51694,"V µg/m³"
23/12/2014,12.74978,"V µg/m³"
24/12/2014,25.60498,"V µg/m³"
25/12/2014,21.39444,"V µg/m³"
26/12/2014,21.05142,"V µg/m³"
27/12/2014,14.89124,"V µg/m³"
28/12/2014,27.54033,"V µg/m³"
29/12/2014,55.22815,"V µg/m³"
30/12/2014,54.74968,"V µg/m³"
31/12/2014,27.61181,"V µg/m³"
01/01/2015,8.40823,"V µg/m³"
02/01/2015,31.29416,"V µg/m³"
03/01/2015,31.19260,"V µg/m³"
04/01/2015,39.35608,"V µg/m³"
05/01/2015,34.54749,"V µg/m³"
06/01/2015,33.93791,"V µg/m³"
07/01/2015,29.82559,"V µg/m³"
08/01/2015,39.12223,"V µg/m³"
09/01/2015,14.66919,"V µg/m³"
10/01/2015,15.65692,"V µg/m³"
11/01/2015,11.14114,"V µg/m³"
12/01/2015,15.74414,"V µg/m³"
13/01/2015,25.76642,"V µg/m³"
14/01/2015,23.85508,"V µg/m³"
15/01/2015,18.86288,"V µg/m³"
16/01/2015,51.54191,"V µg/m³"
17/01/2015,nodata,"V µg/m³"
18/01/2015,nodata,"V µg/m³"
19/01/2015,nodata,"V µg/m³"
20/01/2015,nodata,"V µg/m³"
21/01/2015,nodata,"V µg/m³"
22/01/2015,nodata,"V µg/m³"
23/01/2015,45.88639,"V µg/m³"
24/01/2015,32.68008,"V µg/m³"
25/01/2015,27.42249,"V µg/m³"
26/01/2015,32.11655,"V µg/m³"
27/01/2015,54.92360,"V µg/m³"
28/01/2015,22.37914,"V µg/m³"
29/01/2015,27.96724,"V µg/m³"
30/01/2015,nodata,"V µg/m³"
31/01/2015,nodata,"V µg/m³"
01/02/2015,nodata,"V µg/m³"
02/02/2015,nodata,"V µg/m³"
03/02/2015,nodata,"V µg/m³"
04/02/2015,nodata,"V µg/m³"
05/02/2015,17.98731,"V µg/m³"
06/02/2015,12.96859,"V µg/m³"
07/02/2015,20.74940,"V µg/m³"
08/02/2015,32.34615,"V µg/m³"
09/02/2015,48.04891,"V µg/m³"
10/02/2015,51.16367,"V µg/m³"
11/02/2015,31.56217,"V µg/m³"
12/02/2015,36.23210,"V µg/m³"
13/02/2015,17.03601,"V µg/m³"
14/02/2015,27.53681,"V µg/m³"
15/02/2015,39.04546,"V µg/m³"
16/02/2015,33.86828,"V µg/m³"
17/02/2015,nodata,"V µg/m³"
18/02/2015,nodata,"V µg/m³"
19/02/2015,20.31183,"V µg/m³"
20/02/2015,46.85433,"V µg/m³"
21/02/2015,50.06061,"V µg/m³"
22/02/2015,19.28271,"V µg/m³"
23/02/2015,23.68653,"V µg/m³"
24/02/2015,29.70898,"V µg/m³"
25/02/2015,48.36965,"V µg/m³"
26/02/2015,29.53448,"V µg/m³"
27/02/2015,52.58793,"V µg/m³"
28/02/2015,14.45556,"V µg/m³"
01/03/2015,10.13661,"V µg/m³"
02/03/2015,26.49320,"V µg/m³"
03/03/2015,30.17250,"V µg/m³"
04/03/2015,35.92641,"V µg/m³"
05/03/2015,58.03145,"V µg/m³"
06/03/2015,30.24887,"V µg/m³"
07/03/2015,20.33828,"V µg/m³"
08/03/2015,21.08238,"V µg/m³"
09/03/2015,25.70098,"V µg/m³"
10/03/2015,37.89969,"V µg/m³"
11/03/2015,29.03361,"V µg/m³"
12/03/2015,17.62617,"V µg/m³"
13/03/2015,26.57026,"V µg/m³"
14/03/2015,9.74617,"V µg/m³"
15/03/2015,11.14587,"V µg/m³"
16/03/2015,20.62202,"V µg/m³"
17/03/2015,37.63559,"V µg/m³"
18/03/2015,23.03736,"V µg/m³"
19/03/2015,17.40164,"V µg/m³"
20/03/2015,34.66084,"V µg/m³"
21/03/2015,17.04006,"V µg/m³"
22/03/2015,12.19334,"V µg/m³"
23/03/2015,39.72856,"V µg/m³"
24/03/2015,42.85704,"V µg/m³"
25/03/2015,47.21959,"V µg/m³"
26/03/2015,25.05463,"V µg/m³"
27/03/2015,39.36843,"V µg/m³"
28/03/2015,11.47118,"V µg/m³"
29/03/2015,9.64905,"V µg/m³"
30/03/2015,24.20033,"V µg/m³"
31/03/2015,18.56812,"V µg/m³"
01/04/2015,22.72417,"V µg/m³"
02/04/2015,24.34490,"V µg/m³"
03/04/2015,18.23307,"V µg/m³"
04/04/2015,20.22649,"V µg/m³"
05/04/2015,20.18395,"V µg/m³"
06/04/2015,17.63694,"V µg/m³"
07/04/2015,30.81589,"V µg/m³"
08/04/2015,42.58764,"V µg/m³"
09/04/2015,31.29602,"V µg/m³"
10/04/2015,39.11753,"V µg/m³"
11/04/2015,24.34743,"V µg/m³"
12/04/2015,13.83430,"V µg/m³"
13/04/2015,25.54180,"V µg/m³"
14/04/2015,24.95745,"V µg/m³"
15/04/2015,33.34887,"V µg/m³"
16/04/2015,14.60509,"V µg/m³"
17/04/2015,9.07467,"V µg/m³"
18/04/2015,8.27150,"V µg/m³"
19/04/2015,11.38448,"V µg/m³"
20/04/2015,17.51067,"V µg/m³"
21/04/2015,16.09395,"V µg/m³"
22/04/2015,13.11776,"V µg/m³"
23/04/2015,20.79371,"V µg/m³"
24/04/2015,33.62860,"V µg/m³"
25/04/2015,17.06554,"V µg/m³"
26/04/2015,12.64408,"V µg/m³"
27/04/2015,19.94063,"V µg/m³"
28/04/2015,25.40750,"V µg/m³"
29/04/2015,24.09832,"V µg/m³"
30/04/2015,24.25744,"V µg/m³"
01/05/2015,9.78094,"V µg/m³"
02/05/2015,19.84390,"V µg/m³"
03/05/2015,8.21700,"V µg/m³"
04/05/2015,11.72977,"V µg/m³"
05/05/2015,11.92077,"V µg/m³"
06/05/2015,14.17664,"V µg/m³"
07/05/2015,26.06084,"V µg/m³"
08/05/2015,21.10120,"V µg/m³"
09/05/2015,17.78707,"V µg/m³"
10/05/2015,16.28083,"V µg/m³"
11/05/2015,23.58992,"V µg/m³"
12/05/2015,26.53915,"V µg/m³"
13/05/2015,19.99109,"V µg/m³"
14/05/2015,18.68311,"V µg/m³"
15/05/2015,22.85272,"V µg/m³"
16/05/2015,20.13744,"V µg/m³"
17/05/2015,18.54703,"V µg/m³"
18/05/2015,23.16789,"V µg/m³"
19/05/2015,24.04415,"V µg/m³"
20/05/2015,30.76929,"V µg/m³"
21/05/2015,33.79148,"V µg/m³"
22/05/2015,37.36139,"V µg/m³"
23/05/2015,14.75519,"V µg/m³"
24/05/2015,20.04281,"V µg/m³"
25/05/2015,12.41216,"V µg/m³"
26/05/2015,22.83943,"V µg/m³"
27/05/2015,29.06784,"V µg/m³"
28/05/2015,25.33283,"V µg/m³"
29/05/2015,27.02561,"V µg/m³"
30/05/2015,22.02829,"V µg/m³"
31/05/2015,11.95964,"V µg/m³"
01/06/2015,21.06134,"V µg/m³"
02/06/2015,10.34376,"V µg/m³"
03/06/2015,29.61465,"V µg/m³"
04/06/2015,25.92827,"V µg/m³"
05/06/2015,32.09096,"V µg/m³"
06/06/2015,17.89775,"V µg/m³"
07/06/2015,11.67249,"V µg/m³"
08/06/2015,13.05479,"V µg/m³"
09/06/2015,6.20497,"V µg/m³"
10/06/2015,7.81427,"V µg/m³"
11/06/2015,13.21816,"V µg/m³"
12/06/2015,32.69731,"V µg/m³"
13/06/2015,20.17122,"V µg/m³"
14/06/2015,14.69757,"V µg/m³"
15/06/2015,9.21198,"V µg/m³"
16/06/2015,19.59180,"V µg/m³"
17/06/2015,23.59662,"V µg/m³"
18/06/2015,18.56915,"V µg/m³"
19/06/2015,24.96669,"V µg/m³"
20/06/2015,24.49404,"V µg/m³"
21/06/2015,13.15380,"V µg/m³"
22/06/2015,20.33672,"V µg/m³"
23/06/2015,17.64745,"V µg/m³"
24/06/2015,28.73088,"V µg/m³"
25/06/2015,29.37412,"V µg/m³"
26/06/2015,26.32081,"V µg/m³"
27/06/2015,24.64253,"V µg/m³"
28/06/2015,13.55850,"V µg/m³"
29/06/2015,26.32903,"V µg/m³"
30/06/2015,21.95562,"V µg/m³"
01/07/2015,19.73383,"V µg/m³"
02/07/2015,28.82043,"V µg/m³"
03/07/2015,12.24667,"V µg/m³"
04/07/2015,17.40267,"V µg/m³"
05/07/2015,12.94648,"V µg/m³"
06/07/2015,19.78883,"V µg/m³"
07/07/2015,18.19371,"V µg/m³"
08/07/2015,17.83362,"V µg/m³"
09/07/2015,21.82555,"V µg/m³"
10/07/2015,18.86178,"V µg/m³"
11/07/2015,27.87082,"V µg/m³"
12/07/2015,7.93552,"V µg/m³"
13/07/2015,16.18055,"V µg/m³"
14/07/2015,25.55840,"V µg/m³"
15/07/2015,19.62126,"V µg/m³"
16/07/2015,14.94950,"V µg/m³"
17/07/2015,21.20549,"V µg/m³"
18/07/2015,21.65783,"V µg/m³"
19/07/2015,12.52041,"V µg/m³"
20/07/2015,12.97947,"V µg/m³"
21/07/2015,17.98025,"V µg/m³"
22/07/2015,25.84002,"V µg/m³"
23/07/2015,31.90268,"V µg/m³"
24/07/2015,19.61139,"V µg/m³"
25/07/2015,16.48766,"V µg/m³"
26/07/2015,8.28022,"V µg/m³"
27/07/2015,12.00378,"V µg/m³"
28/07/2015,18.50489,"V µg/m³"
29/07/2015,26.66340,"V µg/m³"
30/07/2015,21.35340,"V µg/m³"
31/07/2015,20.59593,"V µg/m³"
01/08/2015,26.21166,"V µg/m³"
02/08/2015,10.96177,"V µg/m³"
03/08/2015,15.60052,"V µg/m³"
04/08/2015,15.68664,"V µg/m³"
05/08/2015,20.13274,"V µg/m³"
06/08/2015,22.30821,"V µg/m³"
07/08/2015,22.35784,"V µg/m³"
08/08/2015,12.29364,"V µg/m³"
09/08/2015,20.44530,"V µg/m³"
10/08/2015,17.06322,"V µg/m³"
11/08/2015,22.50606,"V µg/m³"
12/08/2015,8.04749,"V µg/m³"
13/08/2015,12.96397,"V µg/m³"
14/08/2015,25.49809,"V µg/m³"
15/08/2015,21.98425,"V µg/m³"
16/08/2015,20.27025,"V µg/m³"
17/08/2015,26.93471,"V µg/m³"
18/08/2015,38.13942,"V µg/m³"
19/08/2015,21.38214,"V µg/m³"
20/08/2015,14.93782,"V µg/m³"
21/08/2015,17.89982,"V µg/m³"
22/08/2015,18.08782,"V µg/m³"
23/08/2015,17.79549,"V µg/m³"
24/08/2015,nodata,"V µg/m³"
25/08/2015,nodata,"V µg/m³"
26/08/2015,13.63043,"V µg/m³"
27/08/2015,nodata,"V µg/m³"
28/08/2015,nodata,"V µg/m³"
29/08/2015,nodata,"V µg/m³"
30/08/2015,nodata,"V µg/m³"
31/08/2015,nodata,"V µg/m³"
01/09/2015,22.33868,"V µg/m³"
02/09/2015,35.85839,"V µg/m³"
03/09/2015,35.35796,"V µg/m³"
04/09/2015,35.35020,"V µg/m³"
05/09/2015,22.48864,"V µg/m³"
06/09/2015,27.15765,"V µg/m³"
07/09/2015,20.39257,"V µg/m³"
08/09/2015,15.12784,"V µg/m³"
09/09/2015,18.38932,"V µg/m³"
10/09/2015,23.02034,"V µg/m³"
11/09/2015,31.07318,"V µg/m³"
12/09/2015,18.94261,"V µg/m³"
13/09/2015,17.03965,"V µg/m³"
14/09/2015,16.14845,"V µg/m³"
15/09/2015,19.85982,"V µg/m³"
16/09/2015,27.28790,"V µg/m³"
17/09/2015,30.34407,"V µg/m³"
18/09/2015,30.72065,"V µg/m³"
19/09/2015,23.05363,"V µg/m³"
20/09/2015,17.82194,"V µg/m³"
21/09/2015,30.82500,"V µg/m³"
22/09/2015,29.62401,"V µg/m³"
23/09/2015,30.07983,"V µg/m³"
24/09/2015,26.35317,"V µg/m³"
25/09/2015,37.62962,"V µg/m³"
26/09/2015,31.58488,"V µg/m³"
27/09/2015,14.87791,"V µg/m³"
28/09/2015,16.33593,"V µg/m³"
29/09/2015,21.45632,"V µg/m³"
30/09/2015,19.00836,"V µg/m³"
01/10/2015,14.30960,"V µg/m³"
02/10/2015,26.78306,"V µg/m³"
03/10/2015,43.83313,"V µg/m³"
04/10/2015,33.92176,"V µg/m³"
05/10/2015,12.20373,"V µg/m³"
06/10/2015,12.74816,"V µg/m³"
07/10/2015,33.47512,"V µg/m³"
08/10/2015,49.91367,"V µg/m³"
09/10/2015,34.25389,"V µg/m³"
10/10/2015,17.53405,"V µg/m³"
11/10/2015,15.68855,"V µg/m³"
12/10/2015,26.97839,"V µg/m³"
13/10/2015,19.91101,"V µg/m³"
14/10/2015,21.87138,"V µg/m³"
15/10/2015,22.69696,"V µg/m³"
16/10/2015,18.66834,"V µg/m³"
17/10/2015,19.99183,"V µg/m³"
18/10/2015,19.94570,"V µg/m³"
19/10/2015,29.70967,"V µg/m³"
20/10/2015,47.11237,"V µg/m³"
21/10/2015,39.90553,"V µg/m³"
22/10/2015,40.69972,"V µg/m³"
23/10/2015,41.75968,"V µg/m³"
24/10/2015,25.66353,"V µg/m³"
25/10/2015,26.54649,"V µg/m³"
26/10/2015,25.09244,"V µg/m³"
27/10/2015,19.61659,"V µg/m³"
28/10/2015,34.99842,"V µg/m³"
29/10/2015,11.38022,"V µg/m³"
30/10/2015,11.12829,"V µg/m³"
31/10/2015,23.75723,"V µg/m³"
01/11/2015,24.60059,"V µg/m³"
02/11/2015,32.05151,"V µg/m³"
03/11/2015,21.40670,"V µg/m³"
04/11/2015,36.73989,"V µg/m³"
05/11/2015,16.44174,"V µg/m³"
06/11/2015,14.63179,"V µg/m³"
07/11/2015,12.97842,"V µg/m³"
08/11/2015,9.94259,"V µg/m³"
09/11/2015,14.74803,"V µg/m³"
10/11/2015,15.39566,"V µg/m³"
11/11/2015,21.23707,"V µg/m³"
12/11/2015,24.19969,"V µg/m³"
13/11/2015,22.80031,"V µg/m³"
14/11/2015,18.40974,"V µg/m³"
15/11/2015,6.43453,"V µg/m³"
16/11/2015,21.90153,"V µg/m³"
17/11/2015,13.36959,"V µg/m³"
18/11/2015,15.21131,"V µg/m³"
19/11/2015,31.24411,"V µg/m³"
20/11/2015,41.63317,"V µg/m³"
21/11/2015,16.56605,"V µg/m³"
22/11/2015,36.18322,"V µg/m³"
23/11/2015,48.62647,"V µg/m³"
24/11/2015,38.18173,"V µg/m³"
25/11/2015,39.95985,"V µg/m³"
26/11/2015,59.28561,"V µg/m³"
27/11/2015,26.60114,"V µg/m³"
28/11/2015,19.33907,"V µg/m³"
29/11/2015,7.28273,"V µg/m³"
30/11/2015,16.37295,"V µg/m³"
01/12/2015,23.27097,"V µg/m³"
02/12/2015,28.31232,"V µg/m³"
03/12/2015,22.82109,"V µg/m³"
04/12/2015,20.53830,"V µg/m³"
05/12/2015,10.07442,"V µg/m³"
06/12/2015,8.57548,"V µg/m³"
07/12/2015,15.89557,"V µg/m³"
08/12/2015,22.74563,"V µg/m³"
09/12/2015,32.82340,"V µg/m³"
10/12/2015,21.92414,"V µg/m³"
11/12/2015,33.65179,"V µg/m³"
12/12/2015,18.86618,"V µg/m³"
13/12/2015,24.16340,"V µg/m³"
14/12/2015,14.93288,"V µg/m³"
15/12/2015,15.81755,"V µg/m³"
16/12/2015,21.37912,"V µg/m³"
17/12/2015,24.95700,"V µg/m³"
18/12/2015,29.97407,"V µg/m³"
19/12/2015,13.76914,"V µg/m³"
20/12/2015,11.32622,"V µg/m³"
21/12/2015,20.67849,"V µg/m³"
22/12/2015,10.15278,"V µg/m³"
23/12/2015,21.55840,"V µg/m³"
24/12/2015,17.83157,"V µg/m³"
25/12/2015,7.08296,"V µg/m³"
26/12/2015,5.84771,"V µg/m³"
27/12/2015,10.37543,"V µg/m³"
28/12/2015,11.00290,"V µg/m³"
29/12/2015,19.29298,"V µg/m³"
30/12/2015,7.28194,"V µg/m³"
31/12/2015,15.51581,"V µg/m³"
01/01/2016,13.55324,"V µg/m³"
02/01/2016,8.19481,"V µg/m³"
03/01/2016,9.61113,"V µg/m³"
04/01/2016,44.56738,"V µg/m³"
05/01/2016,40.08520,"V µg/m³"
06/01/2016,52.10736,"V µg/m³"
07/01/2016,27.23574,"V µg/m³"
08/01/2016,47.07176,"V µg/m³"
09/01/2016,35.80711,"V µg/m³"
10/01/2016,36.11622,"V µg/m³"
11/01/2016,44.06583,"V µg/m³"
12/01/2016,26.25872,"V µg/m³"
13/01/2016,34.93666,"V µg/m³"
14/01/2016,32.28570,"V µg/m³"
15/01/2016,38.50253,"V µg/m³"
16/01/2016,53.95732,"V µg/m³"
17/01/2016,33.51589,"V µg/m³"
18/01/2016,30.12628,"V µg/m³"
19/01/2016,65.16805,"V µg/m³"
20/01/2016,72.33322,"V µg/m³"
21/01/2016,31.01159,"V µg/m³"
22/01/2016,27.08814,"V µg/m³"
23/01/2016,26.58091,"V µg/m³"
24/01/2016,12.81829,"V µg/m³"
25/01/2016,19.75601,"V µg/m³"
26/01/2016,16.15795,"V µg/m³"
27/01/2016,17.10280,"V µg/m³"
28/01/2016,31.12541,"V µg/m³"
29/01/2016,13.69730,"V µg/m³"
30/01/2016,22.32172,"V µg/m³"
31/01/2016,14.12824,"V µg/m³"
01/02/2016,14.79305,"V µg/m³"
02/02/2016,21.08004,"V µg/m³"
03/02/2016,37.41994,"V µg/m³"
04/02/2016,34.98267,"V µg/m³"
05/02/2016,20.14207,"V µg/m³"
06/02/2016,9.88996,"V µg/m³"
07/02/2016,8.45231,"V µg/m³"
08/02/2016,10.67286,"V µg/m³"
09/02/2016,30.37187,"V µg/m³"
10/02/2016,45.90028,"V µg/m³"
11/02/2016,49.19534,"V µg/m³"
12/02/2016,34.03132,"V µg/m³"
13/02/2016,27.82215,"V µg/m³"
14/02/2016,14.42422,"V µg/m³"
15/02/2016,24.32816,"V µg/m³"
16/02/2016,32.64907,"V µg/m³"
17/02/2016,22.11194,"V µg/m³"
18/02/2016,36.84937,"V µg/m³"
19/02/2016,30.89915,"V µg/m³"
20/02/2016,13.20245,"V µg/m³"
21/02/2016,7.12980,"V µg/m³"
22/02/2016,45.38938,"V µg/m³"
23/02/2016,46.76468,"V µg/m³"
24/02/2016,nodata,"V µg/m³"
25/02/2016,nodata,"V µg/m³"
26/02/2016,54.70498,"V µg/m³"
27/02/2016,19.58122,"V µg/m³"
28/02/2016,9.67383,"V µg/m³"
29/02/2016,25.00490,"V µg/m³"
01/03/2016,21.45593,"V µg/m³"
02/03/2016,24.07745,"V µg/m³"
03/03/2016,25.21230,"V µg/m³"
04/03/2016,40.34817,"V µg/m³"
05/03/2016,34.39604,"V µg/m³"
06/03/2016,32.34447,"V µg/m³"
07/03/2016,26.45278,"V µg/m³"
08/03/2016,39.57362,"V µg/m³"
09/03/2016,18.29023,"V µg/m³"
10/03/2016,40.31348,"V µg/m³"
11/03/2016,48.89907,"V µg/m³"
12/03/2016,44.06668,"V µg/m³"
13/03/2016,22.31706,"V µg/m³"
14/03/2016,17.66617,"V µg/m³"
15/03/2016,19.95403,"V µg/m³"
16/03/2016,19.16755,"V µg/m³"
17/03/2016,22.02270,"V µg/m³"
18/03/2016,20.20482,"V µg/m³"
19/03/2016,12.36823,"V µg/m³"
20/03/2016,15.11776,"V µg/m³"
21/03/2016,43.84118,"V µg/m³"
22/03/2016,47.38802,"V µg/m³"
23/03/2016,44.41385,"V µg/m³"
24/03/2016,40.18485,"V µg/m³"
25/03/2016,21.37895,"V µg/m³"
26/03/2016,12.34008,"V µg/m³"
27/03/2016,8.76746,"V µg/m³"
28/03/2016,10.97708,"V µg/m³"
29/03/2016,19.98492,"V µg/m³"
30/03/2016,32.20577,"V µg/m³"
31/03/2016,29.96282,"V µg/m³"
01/04/2016,24.66752,"V µg/m³"
02/04/2016,17.22477,"V µg/m³"
03/04/2016,14.70307,"V µg/m³"
04/04/2016,22.53838,"V µg/m³"
05/04/2016,31.55234,"V µg/m³"
06/04/2016,19.23516,"V µg/m³"
07/04/2016,28.22923,"V µg/m³"
08/04/2016,36.71307,"V µg/m³"
09/04/2016,19.63561,"V µg/m³"
10/04/2016,11.56232,"V µg/m³"
11/04/2016,21.64236,"V µg/m³"
12/04/2016,29.56372,"V µg/m³"
13/04/2016,25.24024,"V µg/m³"
14/04/2016,19.73679,"V µg/m³"
15/04/2016,29.22070,"V µg/m³"
16/04/2016,21.30601,"V µg/m³"
17/04/2016,24.46890,"V µg/m³"
18/04/2016,35.61833,"V µg/m³"
19/04/2016,19.81746,"V µg/m³"
20/04/2016,13.22676,"V µg/m³"
21/04/2016,14.59004,"V µg/m³"
22/04/2016,12.52490,"V µg/m³"
23/04/2016,19.69760,"V µg/m³"
24/04/2016,18.99268,"V µg/m³"
25/04/2016,32.40519,"V µg/m³"
26/04/2016,26.12108,"V µg/m³"
27/04/2016,29.25424,"V µg/m³"
28/04/2016,27.44783,"V µg/m³"
29/04/2016,26.24165,"V µg/m³"
30/04/2016,30.31496,"V µg/m³"
01/05/2016,22.11533,"V µg/m³"
02/05/2016,11.20344,"V µg/m³"
03/05/2016,36.36286,"V µg/m³"
04/05/2016,17.75336,"V µg/m³"
05/05/2016,25.11857,"V µg/m³"
06/05/2016,36.54015,"V µg/m³"
07/05/2016,22.20514,"V µg/m³"
08/05/2016,27.48768,"V µg/m³"
09/05/2016,35.50142,"V µg/m³"
10/05/2016,34.09146,"V µg/m³"
11/05/2016,28.18602,"V µg/m³"
12/05/2016,22.63758,"V µg/m³"
13/05/2016,11.61670,"V µg/m³"
14/05/2016,12.96614,"V µg/m³"
15/05/2016,18.85313,"V µg/m³"
16/05/2016,24.46886,"V µg/m³"
17/05/2016,30.41155,"V µg/m³"
18/05/2016,28.35798,"V µg/m³"
19/05/2016,26.96509,"V µg/m³"
20/05/2016,21.65850,"V µg/m³"
21/05/2016,15.84513,"V µg/m³"
22/05/2016,17.91205,"V µg/m³"
23/05/2016,20.02889,"V µg/m³"
24/05/2016,10.17534,"V µg/m³"
25/05/2016,21.97769,"V µg/m³"
26/05/2016,17.86256,"V µg/m³"
27/05/2016,15.75241,"V µg/m³"
28/05/2016,12.17332,"V µg/m³"
29/05/2016,9.19273,"V µg/m³"
30/05/2016,6.46492,"V µg/m³"
31/05/2016,10.90626,"V µg/m³"
01/06/2016,14.84944,"V µg/m³"
02/06/2016,9.13436,"V µg/m³"
03/06/2016,17.75604,"V µg/m³"
04/06/2016,20.85668,"V µg/m³"
05/06/2016,10.83822,"V µg/m³"
06/06/2016,12.47524,"V µg/m³"
07/06/2016,30.08860,"V µg/m³"
08/06/2016,28.06998,"V µg/m³"
09/06/2016,16.63271,"V µg/m³"
10/06/2016,27.94843,"V µg/m³"
11/06/2016,26.92811,"V µg/m³"
12/06/2016,14.48065,"V µg/m³"
13/06/2016,28.42299,"V µg/m³"
14/06/2016,21.35566,"V µg/m³"
15/06/2016,25.14279,"V µg/m³"
16/06/2016,11.11569,"V µg/m³"
17/06/2016,24.44049,"V µg/m³"
18/06/2016,17.96434,"V µg/m³"
19/06/2016,13.91318,"V µg/m³"
20/06/2016,16.21435,"V µg/m³"
21/06/2016,25.75316,"V µg/m³"
22/06/2016,19.51888,"V µg/m³"
23/06/2016,28.85550,"V µg/m³"
24/06/2016,23.47940,"V µg/m³"
25/06/2016,23.16393,"V µg/m³"
26/06/2016,15.55027,"V µg/m³"
27/06/2016,24.61658,"V µg/m³"
28/06/2016,26.15248,"V µg/m³"
29/06/2016,17.16938,"V µg/m³"
30/06/2016,20.27696,"V µg/m³"
01/07/2016,17.16195,"V µg/m³"
02/07/2016,12.73642,"V µg/m³"
03/07/2016,13.13229,"V µg/m³"
04/07/2016,21.95504,"V µg/m³"
05/07/2016,20.26962,"V µg/m³"
06/07/2016,26.33946,"V µg/m³"
07/07/2016,29.82188,"V µg/m³"
08/07/2016,20.28859,"V µg/m³"
09/07/2016,12.60960,"V µg/m³"
10/07/2016,7.19849,"V µg/m³"
11/07/2016,12.78445,"V µg/m³"
12/07/2016,29.02883,"V µg/m³"
13/07/2016,27.96697,"V µg/m³"
14/07/2016,25.83179,"V µg/m³"
15/07/2016,28.69668,"V µg/m³"
16/07/2016,16.13459,"V µg/m³"
17/07/2016,15.06412,"V µg/m³"
18/07/2016,22.50159,"V µg/m³"
19/07/2016,22.00032,"V µg/m³"
20/07/2016,30.60467,"V µg/m³"
21/07/2016,25.29116,"V µg/m³"
22/07/2016,18.85262,"V µg/m³"
23/07/2016,20.02662,"V µg/m³"
24/07/2016,12.05556,"V µg/m³"
25/07/2016,25.81532,"V µg/m³"
26/07/2016,23.48860,"V µg/m³"
27/07/2016,19.51562,"V µg/m³"
28/07/2016,25.52065,"V µg/m³"
29/07/2016,20.36468,"V µg/m³"
30/07/2016,27.74077,"V µg/m³"
31/07/2016,19.58673,"V µg/m³"
01/08/2016,25.01670,"V µg/m³"
02/08/2016,12.32013,"V µg/m³"
03/08/2016,10.56849,"V µg/m³"
04/08/2016,20.38682,"V µg/m³"
05/08/2016,27.88365,"V µg/m³"
06/08/2016,21.56358,"V µg/m³"
07/08/2016,6.61691,"V µg/m³"
08/08/2016,22.04819,"V µg/m³"
09/08/2016,20.64391,"V µg/m³"
10/08/2016,27.49071,"V µg/m³"
11/08/2016,23.46503,"V µg/m³"
12/08/2016,18.19859,"V µg/m³"
13/08/2016,17.10694,"V µg/m³"
14/08/2016,9.89438,"V µg/m³"
15/08/2016,7.55803,"V µg/m³"
16/08/2016,13.89755,"V µg/m³"
17/08/2016,20.02953,"V µg/m³"
18/08/2016,21.56500,"V µg/m³"
19/08/2016,20.38380,"V µg/m³"
20/08/2016,10.73570,"V µg/m³"
21/08/2016,8.57691,"V µg/m³"
22/08/2016,14.66478,"V µg/m³"
23/08/2016,15.81745,"V µg/m³"
24/08/2016,33.04335,"V µg/m³"
25/08/2016,23.01091,"V µg/m³"
26/08/2016,27.94887,"V µg/m³"
27/08/2016,19.40566,"V µg/m³"
28/08/2016,10.04500,"V µg/m³"
29/08/2016,11.74166,"V µg/m³"
30/08/2016,21.16149,"V µg/m³"
31/08/2016,32.27827,"V µg/m³"
01/09/2016,27.91273,"V µg/m³"
02/09/2016,18.45072,"V µg/m³"
03/09/2016,13.70137,"V µg/m³"
04/09/2016,11.60051,"V µg/m³"
05/09/2016,19.19371,"V µg/m³"
06/09/2016,20.99298,"V µg/m³"
07/09/2016,20.52884,"V µg/m³"
08/09/2016,25.03355,"V µg/m³"
09/09/2016,24.69020,"V µg/m³"
10/09/2016,17.40210,"V µg/m³"
11/09/2016,13.64605,"V µg/m³"
12/09/2016,24.85271,"V µg/m³"
13/09/2016,36.57495,"V µg/m³"
14/09/2016,41.51024,"V µg/m³"
15/09/2016,38.37792,"V µg/m³"
16/09/2016,24.12356,"V µg/m³"
17/09/2016,10.81357,"V µg/m³"
18/09/2016,18.55203,"V µg/m³"
19/09/2016,35.91807,"V µg/m³"
20/09/2016,27.17275,"V µg/m³"
21/09/2016,22.16613,"V µg/m³"
22/09/2016,36.47151,"V µg/m³"
23/09/2016,38.15706,"V µg/m³"
24/09/2016,16.28221,"V µg/m³"
25/09/2016,14.34270,"V µg/m³"
26/09/2016,25.19438,"V µg/m³"
27/09/2016,23.23766,"V µg/m³"
28/09/2016,23.47457,"V µg/m³"
29/09/2016,21.53965,"V µg/m³"
30/09/2016,34.71376,"V µg/m³"
01/10/2016,28.53544,"V µg/m³"
02/10/2016,18.76097,"V µg/m³"
03/10/2016,32.34204,"V µg/m³"
04/10/2016,24.85042,"V µg/m³"
05/10/2016,18.83991,"V µg/m³"
06/10/2016,13.24243,"V µg/m³"
07/10/2016,26.82952,"V µg/m³"
08/10/2016,22.12313,"V µg/m³"
09/10/2016,17.14109,"V µg/m³"
10/10/2016,24.80499,"V µg/m³"
11/10/2016,29.11794,"V µg/m³"
12/10/2016,22.10003,"V µg/m³"
13/10/2016,23.07183,"V µg/m³"
14/10/2016,27.84298,"V µg/m³"
15/10/2016,23.92724,"V µg/m³"
16/10/2016,11.83966,"V µg/m³"
17/10/2016,34.00519,"V µg/m³"
18/10/2016,27.71769,"V µg/m³"
19/10/2016,28.75795,"V µg/m³"
20/10/2016,18.72748,"V µg/m³"
21/10/2016,20.91521,"V µg/m³"
22/10/2016,22.75395,"V µg/m³"
23/10/2016,17.66702,"V µg/m³"
24/10/2016,25.47260,"V µg/m³"
25/10/2016,35.27181,"V µg/m³"
26/10/2016,38.30683,"V µg/m³"
27/10/2016,31.78797,"V µg/m³"
28/10/2016,39.61402,"V µg/m³"
29/10/2016,36.26195,"V µg/m³"
30/10/2016,30.34473,"V µg/m³"
31/10/2016,42.44184,"V µg/m³"
01/11/2016,31.65413,"V µg/m³"
02/11/2016,41.16332,"V µg/m³"
03/11/2016,54.39602,"V µg/m³"
04/11/2016,50.86348,"V µg/m³"
05/11/2016,31.65717,"V µg/m³"
06/11/2016,22.30480,"V µg/m³"
07/11/2016,20.12220,"V µg/m³"
08/11/2016,48.63823,"V µg/m³"
09/11/2016,42.43870,"V µg/m³"
10/11/2016,44.58257,"V µg/m³"
11/11/2016,37.74868,"V µg/m³"
12/11/2016,21.61158,"V µg/m³"
13/11/2016,28.54924,"V µg/m³"
14/11/2016,42.06862,"V µg/m³"
15/11/2016,35.73370,"V µg/m³"
16/11/2016,26.67618,"V µg/m³"
17/11/2016,28.95461,"V µg/m³"
18/11/2016,43.19404,"V µg/m³"
19/11/2016,35.44025,"V µg/m³"
20/11/2016,19.49171,"V µg/m³"
21/11/2016,13.43609,"V µg/m³"
22/11/2016,23.73903,"V µg/m³"
23/11/2016,29.25280,"V µg/m³"
24/11/2016,12.40678,"V µg/m³"
25/11/2016,17.82481,"V µg/m³"
26/11/2016,36.76320,"V µg/m³"
27/11/2016,15.19895,"V µg/m³"
28/11/2016,29.29896,"V µg/m³"
29/11/2016,56.78397,"V µg/m³"
30/11/2016,72.55589,"V µg/m³"
01/12/2016,nodata,"V µg/m³"
02/12/2016,53.35173,"V µg/m³"
03/12/2016,30.61833,"V µg/m³"
04/12/2016,38.82158,"V µg/m³"
05/12/2016,51.65960,"V µg/m³"
06/12/2016,40.92352,"V µg/m³"
07/12/2016,29.40211,"V µg/m³"
08/12/2016,27.40895,"V µg/m³"
09/12/2016,25.58957,"V µg/m³"
10/12/2016,19.90163,"V µg/m³"
11/12/2016,31.25658,"V µg/m³"
12/12/2016,21.72961,"V µg/m³"
13/12/2016,26.79424,"V µg/m³"
14/12/2016,25.05485,"V µg/m³"
15/12/2016,29.97920,"V µg/m³"
16/12/2016,38.97802,"V µg/m³"
17/12/2016,43.02667,"V µg/m³"
18/12/2016,40.71409,"V µg/m³"
19/12/2016,42.99019,"V µg/m³"
20/12/2016,31.68918,"V µg/m³"
21/12/2016,27.60433,"V µg/m³"
22/12/2016,48.14004,"V µg/m³"
23/12/2016,20.79135,"V µg/m³"
24/12/2016,15.18046,"V µg/m³"
25/12/2016,3.74568,"V µg/m³"
26/12/2016,20.65265,"V µg/m³"
27/12/2016,42.50502,"V µg/m³"
28/12/2016,40.05870,"V µg/m³"
29/12/2016,35.34264,"V µg/m³"
30/12/2016,41.18384,"V µg/m³"
31/12/2016,27.76152,"V µg/m³"
01/01/2017,11.64567,"V µg/m³"
02/01/2017,29.15187,"V µg/m³"
03/01/2017,44.33178,"V µg/m³"
04/01/2017,34.45548,"V µg/m³"
05/01/2017,59.47556,"V µg/m³"
06/01/2017,32.20411,"V µg/m³"
07/01/2017,34.25293,"V µg/m³"
08/01/2017,41.75911,"V µg/m³"
09/01/2017,27.25036,"V µg/m³"
10/01/2017,38.90485,"V µg/m³"
11/01/2017,28.29826,"V µg/m³"
12/01/2017,32.61503,"V µg/m³"
13/01/2017,27.26206,"V µg/m³"
14/01/2017,42.67547,"V µg/m³"
15/01/2017,35.96847,"V µg/m³"
16/01/2017,49.89517,"V µg/m³"
17/01/2017,50.79256,"V µg/m³"
18/01/2017,67.34337,"V µg/m³"
19/01/2017,52.37196,"V µg/m³"
20/01/2017,64.48168,"V µg/m³"
21/01/2017,64.41752,"V µg/m³"
22/01/2017,49.40179,"V µg/m³"
23/01/2017,59.75634,"V µg/m³"
24/01/2017,61.47404,"V µg/m³"
25/01/2017,34.55249,"V µg/m³"
26/01/2017,33.35649,"V µg/m³"
27/01/2017,29.35960,"V µg/m³"
28/01/2017,25.34525,"V µg/m³"
29/01/2017,17.17685,"V µg/m³"
30/01/2017,30.43718,"V µg/m³"
31/01/2017,29.82629,"V µg/m³"
01/02/2017,23.29952,"V µg/m³"
02/02/2017,10.47717,"V µg/m³"
03/02/2017,13.08441,"V µg/m³"
04/02/2017,34.12037,"V µg/m³"
05/02/2017,22.22119,"V µg/m³"
06/02/2017,29.35877,"V µg/m³"
07/02/2017,44.60517,"V µg/m³"
08/02/2017,25.44437,"V µg/m³"
09/02/2017,22.48991,"V µg/m³"
10/02/2017,29.89323,"V µg/m³"
11/02/2017,21.29693,"V µg/m³"
12/02/2017,24.36514,"V µg/m³"
13/02/2017,34.20727,"V µg/m³"
14/02/2017,37.16473,"V µg/m³"
15/02/2017,nodata,"V µg/m³"
16/02/2017,nodata,"V µg/m³"
17/02/2017,42.23192,"V µg/m³"
18/02/2017,29.23855,"V µg/m³"
19/02/2017,24.95459,"V µg/m³"
20/02/2017,23.53862,"V µg/m³"
21/02/2017,23.25852,"V µg/m³"
22/02/2017,18.87622,"V µg/m³"
23/02/2017,13.62985,"V µg/m³"
24/02/2017,42.62725,"V µg/m³"
25/02/2017,15.50838,"V µg/m³"
26/02/2017,6.25774,"V µg/m³"
27/02/2017,21.55809,"V µg/m³"
28/02/2017,28.31593,"V µg/m³"
01/03/2017,31.36221,"V µg/m³"
02/03/2017,25.77325,"V µg/m³"
03/03/2017,15.66798,"V µg/m³"
04/03/2017,23.50197,"V µg/m³"
05/03/2017,9.47607,"V µg/m³"
06/03/2017,39.87172,"V µg/m³"
07/03/2017,40.22936,"V µg/m³"
08/03/2017,33.55922,"V µg/m³"
09/03/2017,27.74412,"V µg/m³"
10/03/2017,22.86469,"V µg/m³"
11/03/2017,26.08728,"V µg/m³"
12/03/2017,38.45681,"V µg/m³"
13/03/2017,40.45385,"V µg/m³"
14/03/2017,37.71230,"V µg/m³"
15/03/2017,30.67948,"V µg/m³"
16/03/2017,32.07222,"V µg/m³"
17/03/2017,26.29326,"V µg/m³"
18/03/2017,14.13024,"V µg/m³"
19/03/2017,6.93854,"V µg/m³"
20/03/2017,20.05441,"V µg/m³"
21/03/2017,22.03111,"V µg/m³"
22/03/2017,15.26085,"V µg/m³"
23/03/2017,17.15344,"V µg/m³"
24/03/2017,15.75723,"V µg/m³"
25/03/2017,13.39136,"V µg/m³"
26/03/2017,11.59429,"V µg/m³"
27/03/2017,25.38554,"V µg/m³"
28/03/2017,34.74496,"V µg/m³"
29/03/2017,21.45437,"V µg/m³"
30/03/2017,22.09199,"V µg/m³"
31/03/2017,24.07322,"V µg/m³"
01/04/2017,21.84043,"V µg/m³"
02/04/2017,20.73884,"V µg/m³"
03/04/2017,29.64076,"V µg/m³"
04/04/2017,25.36112,"V µg/m³"
05/04/2017,23.10487,"V µg/m³"
06/04/2017,30.95394,"V µg/m³"
07/04/2017,29.64656,"V µg/m³"
08/04/2017,20.97313,"V µg/m³"
09/04/2017,18.67153,"V µg/m³"
10/04/2017,19.64923,"V µg/m³"
11/04/2017,35.95792,"V µg/m³"
12/04/2017,28.56067,"V µg/m³"
13/04/2017,30.47385,"V µg/m³"
14/04/2017,22.93265,"V µg/m³"
15/04/2017,19.89918,"V µg/m³"
16/04/2017,19.31141,"V µg/m³"
17/04/2017,10.45936,"V µg/m³"
18/04/2017,10.83355,"V µg/m³"
19/04/2017,19.43200,"V µg/m³"
20/04/2017,43.11084,"V µg/m³"
21/04/2017,42.72686,"V µg/m³"
22/04/2017,17.25297,"V µg/m³"
23/04/2017,15.07194,"V µg/m³"
24/04/2017,28.79509,"V µg/m³"
25/04/2017,19.32214,"V µg/m³"
26/04/2017,17.95794,"V µg/m³"
27/04/2017,42.30471,"V µg/m³"
28/04/2017,28.26247,"V µg/m³"
29/04/2017,23.21681,"V µg/m³"
30/04/2017,14.23592,"V µg/m³"
01/05/2017,10.78316,"V µg/m³"
02/05/2017,23.07550,"V µg/m³"
03/05/2017,13.54195,"V µg/m³"
04/05/2017,13.20486,"V µg/m³"
05/05/2017,10.71689,"V µg/m³"
06/05/2017,14.06509,"V µg/m³"
07/05/2017,15.92828,"V µg/m³"
08/05/2017,13.97994,"V µg/m³"
09/05/2017,19.94799,"V µg/m³"
10/05/2017,16.00225,"V µg/m³"
11/05/2017,37.34284,"V µg/m³"
12/05/2017,23.88944,"V µg/m³"
13/05/2017,18.94463,"V µg/m³"
14/05/2017,14.25621,"V µg/m³"
15/05/2017,23.43282,"V µg/m³"
16/05/2017,23.30639,"V µg/m³"
17/05/2017,23.20466,"V µg/m³"
18/05/2017,28.72038,"V µg/m³"
19/05/2017,32.59522,"V µg/m³"
20/05/2017,16.51237,"V µg/m³"
21/05/2017,11.45133,"V µg/m³"
22/05/2017,26.16694,"V µg/m³"
23/05/2017,30.96803,"V µg/m³"
24/05/2017,20.81656,"V µg/m³"
25/05/2017,16.12658,"V µg/m³"
26/05/2017,25.24352,"V µg/m³"
27/05/2017,18.75621,"V µg/m³"
28/05/2017,13.76222,"V µg/m³"
29/05/2017,13.54170,"V µg/m³"
30/05/2017,24.19620,"V µg/m³"
31/05/2017,18.65505,"V µg/m³"
01/06/2017,18.80954,"V µg/m³"
02/06/2017,26.78111,"V µg/m³"
03/06/2017,24.30890,"V µg/m³"
04/06/2017,11.47328,"V µg/m³"
05/06/2017,15.72830,"V µg/m³"
06/06/2017,12.73202,"V µg/m³"
07/06/2017,16.20552,"V µg/m³"
08/06/2017,16.79708,"V µg/m³"
09/06/2017,16.94582,"V µg/m³"
10/06/2017,13.93803,"V µg/m³"
11/06/2017,8.70081,"V µg/m³"
12/06/2017,21.02714,"V µg/m³"
13/06/2017,20.00600,"V µg/m³"
14/06/2017,21.61142,"V µg/m³"
15/06/2017,26.46258,"V µg/m³"
16/06/2017,27.61124,"V µg/m³"
17/06/2017,21.29990,"V µg/m³"
18/06/2017,13.40736,"V µg/m³"
19/06/2017,22.90460,"V µg/m³"
20/06/2017,20.47953,"V µg/m³"
21/06/2017,24.62044,"V µg/m³"
22/06/2017,22.02222,"V µg/m³"
23/06/2017,19.48986,"V µg/m³"
24/06/2017,10.13464,"V µg/m³"
25/06/2017,9.33917,"V µg/m³"
26/06/2017,10.33740,"V µg/m³"
27/06/2017,21.98678,"V µg/m³"
28/06/2017,17.66551,"V µg/m³"
29/06/2017,32.12904,"V µg/m³"
30/06/2017,23.40502,"V µg/m³"
01/07/2017,19.22244,"V µg/m³"
02/07/2017,13.23750,"V µg/m³"
03/07/2017,24.71718,"V µg/m³"
04/07/2017,33.42938,"V µg/m³"
05/07/2017,19.83930,"V µg/m³"
06/07/2017,32.07953,"V µg/m³"
07/07/2017,40.40906,"V µg/m³"
08/07/2017,16.68191,"V µg/m³"
09/07/2017,13.10506,"V µg/m³"
10/07/2017,30.81618,"V µg/m³"
11/07/2017,23.14923,"V µg/m³"
12/07/2017,10.94554,"V µg/m³"
13/07/2017,20.67433,"V µg/m³"
14/07/2017,23.58709,"V µg/m³"
15/07/2017,35.76384,"V µg/m³"
16/07/2017,17.31959,"V µg/m³"
17/07/2017,25.98657,"V µg/m³"
18/07/2017,21.83608,"V µg/m³"
19/07/2017,34.34951,"V µg/m³"
20/07/2017,27.47372,"V µg/m³"
21/07/2017,21.93691,"V µg/m³"
22/07/2017,30.69426,"V µg/m³"
23/07/2017,18.47365,"V µg/m³"
24/07/2017,15.61768,"V µg/m³"
25/07/2017,20.28956,"V µg/m³"
26/07/2017,16.84611,"V µg/m³"
27/07/2017,17.16541,"V µg/m³"
28/07/2017,10.87992,"V µg/m³"
29/07/2017,17.42991,"V µg/m³"
30/07/2017,10.28293,"V µg/m³"
31/07/2017,17.34465,"V µg/m³"
01/08/2017,18.27588,"V µg/m³"
02/08/2017,19.72659,"V µg/m³"
03/08/2017,9.00848,"V µg/m³"
04/08/2017,17.14923,"V µg/m³"
05/08/2017,25.95301,"V µg/m³"
06/08/2017,13.75932,"V µg/m³"
07/08/2017,23.60268,"V µg/m³"
08/08/2017,24.56065,"V µg/m³"
09/08/2017,21.32287,"V µg/m³"
10/08/2017,16.85494,"V µg/m³"
11/08/2017,18.10510,"V µg/m³"
12/08/2017,14.22174,"V µg/m³"
13/08/2017,10.24010,"V µg/m³"
14/08/2017,17.68339,"V µg/m³"
15/08/2017,29.53586,"V µg/m³"
16/08/2017,21.17528,"V µg/m³"
17/08/2017,9.32230,"V µg/m³"
18/08/2017,12.83348,"V µg/m³"
19/08/2017,11.65648,"V µg/m³"
20/08/2017,10.41707,"V µg/m³"
21/08/2017,19.51122,"V µg/m³"
22/08/2017,13.32674,"V µg/m³"
23/08/2017,19.27658,"V µg/m³"
24/08/2017,22.01454,"V µg/m³"
25/08/2017,19.11439,"V µg/m³"
26/08/2017,25.94338,"V µg/m³"
27/08/2017,20.80813,"V µg/m³"
28/08/2017,17.37874,"V µg/m³"
29/08/2017,30.87537,"V µg/m³"
30/08/2017,22.85116,"V µg/m³"
31/08/2017,26.67394,"V µg/m³"
01/09/2017,21.40455,"V µg/m³"
02/09/2017,17.06978,"V µg/m³"
03/09/2017,8.22150,"V µg/m³"
04/09/2017,16.07532,"V µg/m³"
05/09/2017,18.43581,"V µg/m³"
06/09/2017,28.90665,"V µg/m³"
07/09/2017,25.49401,"V µg/m³"
08/09/2017,20.37253,"V µg/m³"
09/09/2017,24.09128,"V µg/m³"
10/09/2017,12.46260,"V µg/m³"
11/09/2017,15.97424,"V µg/m³"
12/09/2017,17.89910,"V µg/m³"
13/09/2017,19.99544,"V µg/m³"
14/09/2017,27.65193,"V µg/m³"
15/09/2017,25.18694,"V µg/m³"
16/09/2017,29.77171,"V µg/m³"
17/09/2017,18.74280,"V µg/m³"
18/09/2017,nodata,"V µg/m³"
19/09/2017,nodata,"V µg/m³"
20/09/2017,26.21053,"V µg/m³"
21/09/2017,22.61155,"V µg/m³"
22/09/2017,31.83479,"V µg/m³"
23/09/2017,14.01896,"V µg/m³"
24/09/2017,12.86796,"V µg/m³"
25/09/2017,30.46011,"V µg/m³"
26/09/2017,26.73238,"V µg/m³"
27/09/2017,22.22601,"V µg/m³"
28/09/2017,23.53178,"V µg/m³"
29/09/2017,23.67629,"V µg/m³"
30/09/2017,20.52114,"V µg/m³"
01/10/2017,7.58159,"V µg/m³"
02/10/2017,17.98139,"V µg/m³"
03/10/2017,31.64755,"V µg/m³"
04/10/2017,27.11982,"V µg/m³"
05/10/2017,16.10560,"V µg/m³"
06/10/2017,31.96061,"V µg/m³"
07/10/2017,19.65170,"V µg/m³"
08/10/2017,27.58798,"V µg/m³"
09/10/2017,36.54043,"V µg/m³"
10/10/2017,19.89224,"V µg/m³"
11/10/2017,14.22973,"V µg/m³"
12/10/2017,26.38163,"V µg/m³"
13/10/2017,15.33430,"V µg/m³"
14/10/2017,18.29707,"V µg/m³"
15/10/2017,16.88850,"V µg/m³"
16/10/2017,14.97500,"V µg/m³"
17/10/2017,40.01049,"V µg/m³"
18/10/2017,31.08110,"V µg/m³"
19/10/2017,19.23034,"V µg/m³"
20/10/2017,18.52977,"V µg/m³"
21/10/2017,9.71175,"V µg/m³"
22/10/2017,13.57496,"V µg/m³"
23/10/2017,29.81103,"V µg/m³"
24/10/2017,18.48683,"V µg/m³"
25/10/2017,34.78843,"V µg/m³"
26/10/2017,37.88635,"V µg/m³"
27/10/2017,33.68861,"V µg/m³"
28/10/2017,20.86781,"V µg/m³"
29/10/2017,11.87418,"V µg/m³"
30/10/2017,41.07546,"V µg/m³"
31/10/2017,36.98600,"V µg/m³"
01/11/2017,34.78312,"V µg/m³"
02/11/2017,47.19115,"V µg/m³"
03/11/2017,32.78374,"V µg/m³"
04/11/2017,31.80056,"V µg/m³"
05/11/2017,28.22039,"V µg/m³"
06/11/2017,38.59616,"V µg/m³"
07/11/2017,19.21146,"V µg/m³"
08/11/2017,30.30420,"V µg/m³"
09/11/2017,52.52184,"V µg/m³"
10/11/2017,31.72796,"V µg/m³"
11/11/2017,31.46867,"V µg/m³"
12/11/2017,18.75244,"V µg/m³"
13/11/2017,35.65047,"V µg/m³"
14/11/2017,38.85383,"V µg/m³"
15/11/2017,40.04519,"V µg/m³"
16/11/2017,37.35617,"V µg/m³"
17/11/2017,54.94998,"V µg/m³"
18/11/2017,38.25448,"V µg/m³"
19/11/2017,43.05113,"V µg/m³"
20/11/2017,24.31091,"V µg/m³"
21/11/2017,17.08189,"V µg/m³"
22/11/2017,14.70219,"V µg/m³"
23/11/2017,22.56513,"V µg/m³"
24/11/2017,48.03829,"V µg/m³"
25/11/2017,44.59160,"V µg/m³"
26/11/2017,23.28072,"V µg/m³"
27/11/2017,23.97032,"V µg/m³"
28/11/2017,39.93391,"V µg/m³"
29/11/2017,23.24995,"V µg/m³"
30/11/2017,29.14361,"V µg/m³"
01/12/2017,20.96271,"V µg/m³"
02/12/2017,49.28346,"V µg/m³"
03/12/2017,33.62728,"V µg/m³"
04/12/2017,52.91089,"V µg/m³"
05/12/2017,40.06793,"V µg/m³"
06/12/2017,26.26521,"V µg/m³"
07/12/2017,24.68639,"V µg/m³"
08/12/2017,30.81926,"V µg/m³"
09/12/2017,38.47241,"V µg/m³"
10/12/2017,32.51368,"V µg/m³"
11/12/2017,23.91706,"V µg/m³"
12/12/2017,50.54968,"V µg/m³"
13/12/2017,26.81368,"V µg/m³"
14/12/2017,29.32334,"V µg/m³"
15/12/2017,27.40060,"V µg/m³"
16/12/2017,46.80398,"V µg/m³"
17/12/2017,32.75117,"V µg/m³"
18/12/2017,49.89600,"V µg/m³"
19/12/2017,56.02490,"V µg/m³"
20/12/2017,43.86139,"V µg/m³"
21/12/2017,39.68497,"V µg/m³"
22/12/2017,44.99662,"V µg/m³"
23/12/2017,20.79491,"V µg/m³"
24/12/2017,10.99261,"V µg/m³"
25/12/2017,5.30820,"V µg/m³"
26/12/2017,8.43875,"V µg/m³"
27/12/2017,18.36242,"V µg/m³"
28/12/2017,37.44069,"V µg/m³"
29/12/2017,17.28284,"V µg/m³"
30/12/2017,11.31442,"V µg/m³"
31/12/2017,8.49825,"V µg/m³"
01/01/2018,14.52658,"V µg/m³"
02/01/2018,20.35546,"V µg/m³"
03/01/2018,12.95100,"V µg/m³"
04/01/2018,19.29150,"V µg/m³"
05/01/2018,28.39373,"V µg/m³"
06/01/2018,27.48211,"V µg/m³"
07/01/2018,8.45348,"V µg/m³"
08/01/2018,17.75365,"V µg/m³"
09/01/2018,32.47415,"V µg/m³"
10/01/2018,42.63825,"V µg/m³"
11/01/2018,40.30099,"V µg/m³"
12/01/2018,30.53737,"V µg/m³"
13/01/2018,18.74529,"V µg/m³"
14/01/2018,27.71323,"V µg/m³"
15/01/2018,19.34364,"V µg/m³"
16/01/2018,19.28549,"V µg/m³"
17/01/2018,21.62619,"V µg/m³"
18/01/2018,27.44476,"V µg/m³"
19/01/2018,36.50410,"V µg/m³"
20/01/2018,22.99529,"V µg/m³"
21/01/2018,25.14350,"V µg/m³"
22/01/2018,39.79513,"V µg/m³"
23/01/2018,17.47201,"V µg/m³"
24/01/2018,17.21035,"V µg/m³"
25/01/2018,25.17264,"V µg/m³"
26/01/2018,43.12585,"V µg/m³"
27/01/2018,28.37909,"V µg/m³"
28/01/2018,10.50572,"V µg/m³"
29/01/2018,27.17744,"V µg/m³"
30/01/2018,36.27754,"V µg/m³"
31/01/2018,24.49414,"V µg/m³"
01/02/2018,30.12861,"V µg/m³"
02/02/2018,31.47410,"V µg/m³"
03/02/2018,41.96023,"V µg/m³"
04/02/2018,9.06028,"V µg/m³"
05/02/2018,16.79278,"V µg/m³"
06/02/2018,26.13350,"V µg/m³"
07/02/2018,42.04248,"V µg/m³"
08/02/2018,42.23080,"V µg/m³"
09/02/2018,31.86148,"V µg/m³"
10/02/2018,19.78087,"V µg/m³"
11/02/2018,15.81055,"V µg/m³"
12/02/2018,27.57010,"V µg/m³"
13/02/2018,7.60033,"V µg/m³"
14/02/2018,15.84732,"V µg/m³"
15/02/2018,26.28675,"V µg/m³"
16/02/2018,34.79692,"V µg/m³"
17/02/2018,37.11760,"V µg/m³"
18/02/2018,17.62388,"V µg/m³"
19/02/2018,34.14981,"V µg/m³"
20/02/2018,24.27188,"V µg/m³"
21/02/2018,27.10823,"V µg/m³"
22/02/2018,17.94675,"V µg/m³"
23/02/2018,21.79859,"V µg/m³"
24/02/2018,19.87812,"V µg/m³"
25/02/2018,11.75196,"V µg/m³"
26/02/2018,12.21154,"V µg/m³"
27/02/2018,20.35646,"V µg/m³"
28/02/2018,18.92688,"V µg/m³"
01/03/2018,21.68748,"V µg/m³"
02/03/2018,26.43805,"V µg/m³"
03/03/2018,37.17863,"V µg/m³"
04/03/2018,19.83607,"V µg/m³"
05/03/2018,22.95267,"V µg/m³"
06/03/2018,34.43537,"V µg/m³"
07/03/2018,47.11793,"V µg/m³"
08/03/2018,19.51402,"V µg/m³"
09/03/2018,16.17883,"V µg/m³"
10/03/2018,19.15651,"V µg/m³"
11/03/2018,27.52106,"V µg/m³"
12/03/2018,27.27759,"V µg/m³"
13/03/2018,34.88009,"V µg/m³"
14/03/2018,12.13469,"V µg/m³"
15/03/2018,14.29590,"V µg/m³"
16/03/2018,23.54305,"V µg/m³"
17/03/2018,11.75747,"V µg/m³"
18/03/2018,10.66910,"V µg/m³"
19/03/2018,13.48180,"V µg/m³"
20/03/2018,25.07330,"V µg/m³"
21/03/2018,44.69035,"V µg/m³"
22/03/2018,31.97120,"V µg/m³"
23/03/2018,18.04621,"V µg/m³"
24/03/2018,29.87052,"V µg/m³"
25/03/2018,33.54296,"V µg/m³"
26/03/2018,46.15728,"V µg/m³"
27/03/2018,25.69580,"V µg/m³"
28/03/2018,42.18491,"V µg/m³"
29/03/2018,17.39843,"V µg/m³"
30/03/2018,20.29563,"V µg/m³"
31/03/2018,25.16245,"V µg/m³"
01/04/2018,17.70378,"V µg/m³"
02/04/2018,11.61068,"V µg/m³"
03/04/2018,16.97136,"V µg/m³"
04/04/2018,11.53722,"V µg/m³"
05/04/2018,16.36701,"V µg/m³"
06/04/2018,10.40748,"V µg/m³"
07/04/2018,20.51447,"V µg/m³"
08/04/2018,25.89910,"V µg/m³"
09/04/2018,23.25035,"V µg/m³"
10/04/2018,34.76024,"V µg/m³"
11/04/2018,32.21095,"V µg/m³"
12/04/2018,24.08495,"V µg/m³"
13/04/2018,36.43276,"V µg/m³"
14/04/2018,28.39793,"V µg/m³"
15/04/2018,22.64789,"V µg/m³"
16/04/2018,22.32410,"V µg/m³"
17/04/2018,20.35985,"V µg/m³"
18/04/2018,28.18818,"V µg/m³"
19/04/2018,36.25022,"V µg/m³"
20/04/2018,35.73806,"V µg/m³"
21/04/2018,35.76869,"V µg/m³"
22/04/2018,25.03807,"V µg/m³"
23/04/2018,25.09864,"V µg/m³"
24/04/2018,21.76418,"V µg/m³"
25/04/2018,23.61431,"V µg/m³"
26/04/2018,23.38365,"V µg/m³"
27/04/2018,24.73156,"V µg/m³"
28/04/2018,26.06460,"V µg/m³"
29/04/2018,6.99690,"V µg/m³"
30/04/2018,14.57720,"V µg/m³"
01/05/2018,nodata,"V µg/m³"
02/05/2018,nodata,"V µg/m³"
03/05/2018,30.06658,"V µg/m³"
04/05/2018,23.55671,"V µg/m³"
05/05/2018,27.58897,"V µg/m³"
06/05/2018,31.02228,"V µg/m³"
07/05/2018,43.35412,"V µg/m³"
08/05/2018,43.51821,"V µg/m³"
09/05/2018,32.88481,"V µg/m³"
10/05/2018,25.57609,"V µg/m³"
11/05/2018,11.96930,"V µg/m³"
12/05/2018,29.15246,"V µg/m³"
13/05/2018,26.76782,"V µg/m³"
14/05/2018,19.99439,"V µg/m³"
15/05/2018,20.30591,"V µg/m³"
16/05/2018,12.19129,"V µg/m³"
17/05/2018,9.09877,"V µg/m³"
18/05/2018,15.99395,"V µg/m³"
19/05/2018,14.17340,"V µg/m³"
20/05/2018,13.02480,"V µg/m³"
21/05/2018,24.50081,"V µg/m³"
22/05/2018,20.04655,"V µg/m³"
23/05/2018,12.75349,"V µg/m³"
24/05/2018,23.32916,"V µg/m³"
25/05/2018,30.35717,"V µg/m³"
26/05/2018,17.32626,"V µg/m³"
27/05/2018,26.27658,"V µg/m³"
28/05/2018,17.09605,"V µg/m³"
29/05/2018,19.95428,"V µg/m³"
30/05/2018,24.35802,"V µg/m³"
31/05/2018,22.28510,"V µg/m³"
01/06/2018,28.91031,"V µg/m³"
02/06/2018,26.21065,"V µg/m³"
03/06/2018,16.19663,"V µg/m³"
04/06/2018,11.37949,"V µg/m³"
05/06/2018,8.85521,"V µg/m³"
06/06/2018,11.17385,"V µg/m³"
07/06/2018,12.04954,"V µg/m³"
08/06/2018,10.23339,"V µg/m³"
09/06/2018,7.15986,"V µg/m³"
10/06/2018,6.87997,"V µg/m³"
11/06/2018,13.11818,"V µg/m³"
12/06/2018,14.16411,"V µg/m³"
13/06/2018,29.37597,"V µg/m³"
14/06/2018,22.05437,"V µg/m³"
15/06/2018,28.77340,"V µg/m³"
16/06/2018,17.72358,"V µg/m³"
17/06/2018,11.39061,"V µg/m³"
18/06/2018,18.05197,"V µg/m³"
19/06/2018,20.42483,"V µg/m³"
20/06/2018,16.46294,"V µg/m³"
21/06/2018,12.90149,"V µg/m³"
22/06/2018,17.01280,"V µg/m³"
23/06/2018,22.91940,"V µg/m³"
24/06/2018,14.28511,"V µg/m³"
25/06/2018,23.42344,"V µg/m³"
26/06/2018,15.16337,"V µg/m³"
27/06/2018,7.75297,"V µg/m³"
28/06/2018,8.87709,"V µg/m³"
29/06/2018,10.30978,"V µg/m³"
30/06/2018,10.07121,"V µg/m³"
01/07/2018,17.88829,"V µg/m³"
02/07/2018,18.66630,"V µg/m³"
03/07/2018,7.66743,"V µg/m³"
04/07/2018,12.65982,"V µg/m³"
05/07/2018,30.95726,"V µg/m³"
06/07/2018,35.33988,"V µg/m³"
07/07/2018,30.77366,"V µg/m³"
08/07/2018,14.84866,"V µg/m³"
09/07/2018,18.32785,"V µg/m³"
10/07/2018,11.64253,"V µg/m³"
11/07/2018,14.36805,"V µg/m³"
12/07/2018,14.46452,"V µg/m³"
13/07/2018,13.53768,"V µg/m³"
14/07/2018,13.14039,"V µg/m³"
15/07/2018,14.74021,"V µg/m³"
16/07/2018,28.68798,"V µg/m³"
17/07/2018,23.67382,"V µg/m³"
18/07/2018,23.92272,"V µg/m³"
19/07/2018,27.87619,"V µg/m³"
20/07/2018,27.90886,"V µg/m³"
21/07/2018,23.16297,"V µg/m³"
22/07/2018,24.33726,"V µg/m³"
23/07/2018,28.75675,"V µg/m³"
24/07/2018,31.15961,"V µg/m³"
25/07/2018,25.09944,"V µg/m³"
26/07/2018,33.48065,"V µg/m³"
27/07/2018,33.33618,"V µg/m³"
28/07/2018,11.38173,"V µg/m³"
29/07/2018,7.14135,"V µg/m³"
30/07/2018,16.24377,"V µg/m³"
31/07/2018,22.78309,"V µg/m³"
01/08/2018,24.85584,"V µg/m³"
02/08/2018,26.22388,"V µg/m³"
03/08/2018,27.53411,"V µg/m³"
04/08/2018,16.51765,"V µg/m³"
05/08/2018,9.62248,"V µg/m³"
06/08/2018,28.47607,"V µg/m³"
07/08/2018,32.10021,"V µg/m³"
08/08/2018,19.72894,"V µg/m³"
09/08/2018,28.28715,"V µg/m³"
10/08/2018,20.34568,"V µg/m³"
11/08/2018,20.87581,"V µg/m³"
12/08/2018,13.59368,"V µg/m³"
13/08/2018,26.67568,"V µg/m³"
14/08/2018,26.00833,"V µg/m³"
15/08/2018,17.93901,"V µg/m³"
16/08/2018,19.40247,"V µg/m³"
17/08/2018,24.58623,"V µg/m³"
18/08/2018,16.56160,"V µg/m³"
19/08/2018,9.57136,"V µg/m³"
20/08/2018,24.95053,"V µg/m³"
21/08/2018,20.34622,"V µg/m³"
22/08/2018,22.18983,"V µg/m³"
23/08/2018,20.44461,"V µg/m³"
24/08/2018,17.77861,"V µg/m³"
25/08/2018,22.39864,"V µg/m³"
26/08/2018,11.29113,"V µg/m³"
27/08/2018,12.13934,"V µg/m³"
28/08/2018,18.99097,"V µg/m³"
29/08/2018,30.06466,"V µg/m³"
30/08/2018,25.65375,"V µg/m³"
31/08/2018,17.88415,"V µg/m³"
01/09/2018,23.04172,"V µg/m³"
02/09/2018,20.50716,"V µg/m³"
03/09/2018,24.52842,"V µg/m³"
04/09/2018,21.43558,"V µg/m³"
05/09/2018,23.87641,"V µg/m³"
06/09/2018,29.63803,"V µg/m³"
07/09/2018,30.59550,"V µg/m³"
08/09/2018,21.67606,"V µg/m³"
09/09/2018,14.04867,"V µg/m³"
10/09/2018,21.57385,"V µg/m³"
11/09/2018,12.21823,"V µg/m³"
12/09/2018,24.00592,"V µg/m³"
13/09/2018,nodata,"V µg/m³"
14/09/2018,nodata,"V µg/m³"
15/09/2018,25.19231,"V µg/m³"
16/09/2018,15.78325,"V µg/m³"
17/09/2018,18.91807,"V µg/m³"
18/09/2018,16.14492,"V µg/m³"
19/09/2018,15.35012,"V µg/m³"
20/09/2018,14.90798,"V µg/m³"
21/09/2018,16.48191,"V µg/m³"
22/09/2018,22.10637,"V µg/m³"
23/09/2018,12.83411,"V µg/m³"
24/09/2018,33.95514,"V µg/m³"
25/09/2018,30.66507,"V µg/m³"
26/09/2018,38.98305,"V µg/m³"
27/09/2018,43.07495,"V µg/m³"
28/09/2018,12.18813,"V µg/m³"
29/09/2018,22.55984,"V µg/m³"
30/09/2018,21.14871,"V µg/m³"
01/10/2018,24.69352,"V µg/m³"
02/10/2018,26.49353,"V µg/m³"
03/10/2018,32.19297,"V µg/m³"
04/10/2018,26.99727,"V µg/m³"
05/10/2018,31.85459,"V µg/m³"
06/10/2018,14.99943,"V µg/m³"
07/10/2018,21.39754,"V µg/m³"
08/10/2018,36.30642,"V µg/m³"
09/10/2018,31.43066,"V µg/m³"
10/10/2018,41.63622,"V µg/m³"
11/10/2018,14.60257,"V µg/m³"
12/10/2018,13.78399,"V µg/m³"
13/10/2018,10.90418,"V µg/m³"
14/10/2018,14.89044,"V µg/m³"
15/10/2018,25.78516,"V µg/m³"
16/10/2018,24.89524,"V µg/m³"
17/10/2018,34.07758,"V µg/m³"
18/10/2018,15.23336,"V µg/m³"
19/10/2018,40.35338,"V µg/m³"
20/10/2018,41.25497,"V µg/m³"
21/10/2018,30.71016,"V µg/m³"
22/10/2018,25.63895,"V µg/m³"
23/10/2018,31.82719,"V µg/m³"
24/10/2018,36.56787,"V µg/m³"
25/10/2018,42.96385,"V µg/m³"
26/10/2018,31.78568,"V µg/m³"
27/10/2018,14.71787,"V µg/m³"
28/10/2018,8.59843,"V µg/m³"
29/10/2018,15.42759,"V µg/m³"
30/10/2018,27.14914,"V µg/m³"
31/10/2018,27.64834,"V µg/m³"
01/11/2018,36.66610,"V µg/m³"
02/11/2018,49.15590,"V µg/m³"
03/11/2018,18.45310,"V µg/m³"
04/11/2018,19.86482,"V µg/m³"
05/11/2018,31.99175,"V µg/m³"
06/11/2018,16.32875,"V µg/m³"
07/11/2018,11.07199,"V µg/m³"
08/11/2018,15.69560,"V µg/m³"
09/11/2018,12.01386,"V µg/m³"
10/11/2018,14.13346,"V µg/m³"
11/11/2018,15.82391,"V µg/m³"
12/11/2018,24.32638,"V µg/m³"
13/11/2018,30.78297,"V µg/m³"
14/11/2018,18.17688,"V µg/m³"
15/11/2018,18.17728,"V µg/m³"
16/11/2018,24.98582,"V µg/m³"
17/11/2018,31.22556,"V µg/m³"
18/11/2018,18.59163,"V µg/m³"
19/11/2018,8.77017,"V µg/m³"
20/11/2018,21.89659,"V µg/m³"
21/11/2018,28.30419,"V µg/m³"
22/11/2018,44.97418,"V µg/m³"
23/11/2018,42.23567,"V µg/m³"
24/11/2018,38.54598,"V µg/m³"
25/11/2018,22.52233,"V µg/m³"
26/11/2018,30.89094,"V µg/m³"
27/11/2018,23.59417,"V µg/m³"
28/11/2018,18.60956,"V µg/m³"
29/11/2018,18.55991,"V µg/m³"
30/11/2018,29.02554,"V µg/m³"
01/12/2018,12.83497,"V µg/m³"
02/12/2018,8.93675,"V µg/m³"
03/12/2018,27.41468,"V µg/m³"
04/12/2018,44.69707,"V µg/m³"
05/12/2018,23.25472,"V µg/m³"
06/12/2018,19.33661,"V µg/m³"
07/12/2018,18.07565,"V µg/m³"
08/12/2018,10.55014,"V µg/m³"
09/12/2018,16.71982,"V µg/m³"
10/12/2018,46.58678,"V µg/m³"
11/12/2018,40.63770,"V µg/m³"
12/12/2018,33.14968,"V µg/m³"
13/12/2018,42.76896,"V µg/m³"
14/12/2018,37.30250,"V µg/m³"
15/12/2018,14.26226,"V µg/m³"
16/12/2018,17.57398,"V µg/m³"
17/12/2018,32.17714,"V µg/m³"
18/12/2018,8.98178,"V µg/m³"
19/12/2018,24.98773,"V µg/m³"
20/12/2018,22.33415,"V µg/m³"
21/12/2018,15.30424,"V µg/m³"
22/12/2018,19.41782,"V µg/m³"
23/12/2018,16.01961,"V µg/m³"
24/12/2018,34.49033,"V µg/m³"
25/12/2018,24.82179,"V µg/m³"
26/12/2018,17.08349,"V µg/m³"
27/12/2018,40.27712,"V µg/m³"
28/12/2018,51.41618,"V µg/m³"
29/12/2018,26.43939,"V µg/m³"
30/12/2018,28.71107,"V µg/m³"
31/12/2018,35.48308,"V µg/m³"
01/01/2019,16.17376,"V µg/m³"
02/01/2019,24.79150,"V µg/m³"
03/01/2019,37.52450,"V µg/m³"
04/01/2019,46.29324,"V µg/m³"
05/01/2019,32.07388,"V µg/m³"
06/01/2019,38.96239,"V µg/m³"
07/01/2019,28.36210,"V µg/m³"
08/01/2019,22.12115,"V µg/m³"
09/01/2019,22.81505,"V µg/m³"
10/01/2019,52.55987,"V µg/m³"
11/01/2019,48.52384,"V µg/m³"
12/01/2019,22.90486,"V µg/m³"
13/01/2019,12.17660,"V µg/m³"
14/01/2019,40.90434,"V µg/m³"
15/01/2019,30.94059,"V µg/m³"
16/01/2019,24.10768,"V µg/m³"
17/01/2019,36.02488,"V µg/m³"
18/01/2019,31.07072,"V µg/m³"
19/01/2019,23.70834,"V µg/m³"
20/01/2019,39.25518,"V µg/m³"
21/01/2019,45.07978,"V µg/m³"
22/01/2019,43.17928,"V µg/m³"
23/01/2019,32.96910,"V µg/m³"
24/01/2019,60.63549,"V µg/m³"
25/01/2019,45.05977,"V µg/m³"
26/01/2019,14.95052,"V µg/m³"
27/01/2019,13.14817,"V µg/m³"
28/01/2019,38.85992,"V µg/m³"
29/01/2019,36.30190,"V µg/m³"
30/01/2019,54.47453,"V µg/m³"
31/01/2019,47.34486,"V µg/m³"
01/02/2019,22.14827,"V µg/m³"
02/02/2019,17.62750,"V µg/m³"
03/02/2019,33.82560,"V µg/m³"
04/02/2019,22.04780,"V µg/m³"
05/02/2019,24.48241,"V µg/m³"
06/02/2019,31.25227,"V µg/m³"
07/02/2019,18.66108,"V µg/m³"
08/02/2019,11.33494,"V µg/m³"
09/02/2019,10.46341,"V µg/m³"
10/02/2019,17.75175,"V µg/m³"
11/02/2019,42.36730,"V µg/m³"
12/02/2019,39.84714,"V µg/m³"
13/02/2019,27.93020,"V µg/m³"
14/02/2019,33.12482,"V µg/m³"
15/02/2019,32.35375,"V µg/m³"
16/02/2019,26.79295,"V µg/m³"
17/02/2019,19.92463,"V µg/m³"
18/02/2019,26.41102,"V µg/m³"
19/02/2019,26.65343,"V µg/m³"
20/02/2019,24.59104,"V µg/m³"
21/02/2019,27.71204,"V µg/m³"
22/02/2019,39.33856,"V µg/m³"
23/02/2019,36.03182,"V µg/m³"
24/02/2019,47.48034,"V µg/m³"
25/02/2019,58.34614,"V µg/m³"
26/02/2019,70.19082,"V µg/m³"
27/02/2019,61.41542,"V µg/m³"
28/02/2019,30.96476,"V µg/m³"
01/03/2019,38.16237,"V µg/m³"
02/03/2019,15.61359,"V µg/m³"
03/03/2019,6.37251,"V µg/m³"
04/03/2019,19.37098,"V µg/m³"
05/03/2019,20.34932,"V µg/m³"
06/03/2019,12.95128,"V µg/m³"
07/03/2019,15.40271,"V µg/m³"
08/03/2019,24.22979,"V µg/m³"
09/03/2019,15.94894,"V µg/m³"
10/03/2019,11.05124,"V µg/m³"
11/03/2019,nodata,"V µg/m³"
12/03/2019,nodata,"V µg/m³"
13/03/2019,25.44594,"V µg/m³"
14/03/2019,21.64992,"V µg/m³"
15/03/2019,15.91216,"V µg/m³"
16/03/2019,9.01952,"V µg/m³"
17/03/2019,19.26671,"V µg/m³"
18/03/2019,33.59271,"V µg/m³"
19/03/2019,33.81991,"V µg/m³"
20/03/2019,31.28008,"V µg/m³"
21/03/2019,26.89180,"V µg/m³"
22/03/2019,28.11428,"V µg/m³"
23/03/2019,25.32151,"V µg/m³"
24/03/2019,33.62859,"V µg/m³"
25/03/2019,17.46714,"V µg/m³"
26/03/2019,35.98317,"V µg/m³"
27/03/2019,51.70352,"V µg/m³"
28/03/2019,44.40322,"V µg/m³"
29/03/2019,35.87062,"V µg/m³"
30/03/2019,37.48605,"V µg/m³"
31/03/2019,15.62876,"V µg/m³"
01/04/2019,20.42281,"V µg/m³"
02/04/2019,36.74352,"V µg/m³"
03/04/2019,31.02074,"V µg/m³"
04/04/2019,8.88876,"V µg/m³"
05/04/2019,17.84968,"V µg/m³"
06/04/2019,14.32680,"V µg/m³"
07/04/2019,21.91880,"V µg/m³"
08/04/2019,41.33687,"V µg/m³"
09/04/2019,14.84701,"V µg/m³"
10/04/2019,9.63289,"V µg/m³"
11/04/2019,12.14313,"V µg/m³"
12/04/2019,16.91810,"V µg/m³"
13/04/2019,16.89293,"V µg/m³"
14/04/2019,15.30949,"V µg/m³"
15/04/2019,25.99101,"V µg/m³"
16/04/2019,38.98691,"V µg/m³"
17/04/2019,39.08659,"V µg/m³"
18/04/2019,46.08494,"V µg/m³"
19/04/2019,29.33758,"V µg/m³"
20/04/2019,29.88527,"V µg/m³"
21/04/2019,30.59952,"V µg/m³"
22/04/2019,41.28689,"V µg/m³"
23/04/2019,39.56433,"V µg/m³"
24/04/2019,24.61320,"V µg/m³"
25/04/2019,17.74251,"V µg/m³"
26/04/2019,23.74211,"V µg/m³"
27/04/2019,12.90800,"V µg/m³"
28/04/2019,14.93629,"V µg/m³"
29/04/2019,23.22900,"V µg/m³"
30/04/2019,21.04969,"V µg/m³"
01/05/2019,26.57241,"V µg/m³"
02/05/2019,28.83635,"V µg/m³"
03/05/2019,26.73954,"V µg/m³"
04/05/2019,10.23902,"V µg/m³"
05/05/2019,15.88216,"V µg/m³"
06/05/2019,26.37420,"V µg/m³"
07/05/2019,24.06310,"V µg/m³"
08/05/2019,16.53246,"V µg/m³"
09/05/2019,30.72775,"V µg/m³"
10/05/2019,23.25261,"V µg/m³"
11/05/2019,20.24317,"V µg/m³"
12/05/2019,10.45258,"V µg/m³"
13/05/2019,13.94636,"V µg/m³"
14/05/2019,13.48939,"V µg/m³"
15/05/2019,19.09279,"V µg/m³"
16/05/2019,16.27964,"V µg/m³"
17/05/2019,16.28530,"V µg/m³"
18/05/2019,22.58175,"V µg/m³"
19/05/2019,22.13773,"V µg/m³"
20/05/2019,27.84276,"V µg/m³"
21/05/2019,29.11680,"V µg/m³"
22/05/2019,32.48569,"V µg/m³"
23/05/2019,33.63044,"V µg/m³"
24/05/2019,31.78026,"V µg/m³"
25/05/2019,22.86858,"V µg/m³"
26/05/2019,13.02448,"V µg/m³"
27/05/2019,15.85400,"V µg/m³"
28/05/2019,17.85037,"V µg/m³"
29/05/2019,16.98664,"V µg/m³"
30/05/2019,14.24237,"V µg/m³"
31/05/2019,18.38697,"V µg/m³"
01/06/2019,18.05806,"V µg/m³"
02/06/2019,13.72734,"V µg/m³"
03/06/2019,20.63724,"V µg/m³"
04/06/2019,20.81222,"V µg/m³"
05/06/2019,28.21069,"V µg/m³"
06/06/2019,19.92585,"V µg/m³"
07/06/2019,19.11463,"V µg/m³"
08/06/2019,9.87201,"V µg/m³"
09/06/2019,13.54353,"V µg/m³"
10/06/2019,19.02032,"V µg/m³"
11/06/2019,24.22457,"V µg/m³"
12/06/2019,23.27722,"V µg/m³"
13/06/2019,21.03420,"V µg/m³"
14/06/2019,23.41290,"V µg/m³"
15/06/2019,19.26381,"V µg/m³"
16/06/2019,11.18379,"V µg/m³"
17/06/2019,26.05044,"V µg/m³"
18/06/2019,22.89014,"V µg/m³"
19/06/2019,39.14120,"V µg/m³"
20/06/2019,24.05061,"V µg/m³"
21/06/2019,27.09111,"V µg/m³"
22/06/2019,11.28020,"V µg/m³"
23/06/2019,17.99486,"V µg/m³"
24/06/2019,35.07293,"V µg/m³"
25/06/2019,22.59439,"V µg/m³"
26/06/2019,7.23832,"V µg/m³"
27/06/2019,4.74660,"V µg/m³"
28/06/2019,7.97455,"V µg/m³"
29/06/2019,19.86933,"V µg/m³"
30/06/2019,14.93787,"V µg/m³"
01/07/2019,19.67527,"V µg/m³"
02/07/2019,14.48208,"V µg/m³"
03/07/2019,12.65943,"V µg/m³"
04/07/2019,13.27493,"V µg/m³"
05/07/2019,34.98938,"V µg/m³"
06/07/2019,13.20425,"V µg/m³"
07/07/2019,7.32388,"V µg/m³"
08/07/2019,13.03399,"V µg/m³"
09/07/2019,24.82747,"V µg/m³"
10/07/2019,28.24512,"V µg/m³"
11/07/2019,34.87935,"V µg/m³"
12/07/2019,19.28223,"V µg/m³"
13/07/2019,12.51788,"V µg/m³"
14/07/2019,6.00390,"V µg/m³"
15/07/2019,10.40657,"V µg/m³"
16/07/2019,22.87830,"V µg/m³"
17/07/2019,30.18334,"V µg/m³"
18/07/2019,22.91156,"V µg/m³"
19/07/2019,19.20980,"V µg/m³"
20/07/2019,11.07174,"V µg/m³"
21/07/2019,13.08708,"V µg/m³"
22/07/2019,15.26252,"V µg/m³"
23/07/2019,22.09269,"V µg/m³"
24/07/2019,30.52952,"V µg/m³"
25/07/2019,25.38264,"V µg/m³"
26/07/2019,27.11509,"V µg/m³"
27/07/2019,20.16076,"V µg/m³"
28/07/2019,15.04720,"V µg/m³"
29/07/2019,19.35465,"V µg/m³"
30/07/2019,10.08420,"V µg/m³"
31/07/2019,11.58461,"V µg/m³"
01/08/2019,25.66342,"V µg/m³"
02/08/2019,15.69620,"V µg/m³"
03/08/2019,10.35805,"V µg/m³"
04/08/2019,13.62956,"V µg/m³"
05/08/2019,15.08825,"V µg/m³"
06/08/2019,11.46750,"V µg/m³"
07/08/2019,14.19455,"V µg/m³"
08/08/2019,18.19262,"V µg/m³"
09/08/2019,12.71392,"V µg/m³"
10/08/2019,5.57522,"V µg/m³"
11/08/2019,6.86915,"V µg/m³"
12/08/2019,22.50818,"V µg/m³"
13/08/2019,23.86771,"V µg/m³"
14/08/2019,16.46705,"V µg/m³"
15/08/2019,17.02582,"V µg/m³"
16/08/2019,14.29556,"V µg/m³"
17/08/2019,10.01550,"V µg/m³"
18/08/2019,9.53108,"V µg/m³"
19/08/2019,14.29710,"V µg/m³"
20/08/2019,27.15156,"V µg/m³"
21/08/2019,24.75196,"V µg/m³"
22/08/2019,22.88869,"V µg/m³"
23/08/2019,20.73803,"V µg/m³"
24/08/2019,30.72442,"V µg/m³"
25/08/2019,22.56549,"V µg/m³"
26/08/2019,22.57649,"V µg/m³"
27/08/2019,28.42941,"V µg/m³"
28/08/2019,27.65778,"V µg/m³"
29/08/2019,21.83460,"V µg/m³"
30/08/2019,19.42981,"V µg/m³"
31/08/2019,20.50756,"V µg/m³"
01/09/2019,20.02805,"V µg/m³"
02/09/2019,23.01204,"V µg/m³"
03/09/2019,21.76435,"V µg/m³"
04/09/2019,18.20789,"V µg/m³"
05/09/2019,18.49646,"V µg/m³"
06/09/2019,26.38133,"V µg/m³"
07/09/2019,13.28083,"V µg/m³"
08/09/2019,17.13468,"V µg/m³"
09/09/2019,18.87369,"V µg/m³"
10/09/2019,37.61894,"V µg/m³"
11/09/2019,15.69832,"V µg/m³"
12/09/2019,19.54867,"V µg/m³"
13/09/2019,13.52304,"V µg/m³"
14/09/2019,17.61185,"V µg/m³"
15/09/2019,23.23534,"V µg/m³"
16/09/2019,nodata,"V µg/m³"
17/09/2019,nodata,"V µg/m³"
18/09/2019,24.12683,"V µg/m³"
19/09/2019,27.23102,"V µg/m³"
20/09/2019,23.56693,"V µg/m³"
21/09/2019,38.38411,"V µg/m³"
22/09/2019,19.90250,"V µg/m³"
23/09/2019,20.79142,"V µg/m³"
24/09/2019,17.64454,"V µg/m³"
25/09/2019,19.70254,"V µg/m³"
26/09/2019,17.10898,"V µg/m³"
27/09/2019,20.59961,"V µg/m³"
28/09/2019,14.11651,"V µg/m³"
29/09/2019,10.06323,"V µg/m³"
30/09/2019,24.89068,"V µg/m³"
01/10/2019,25.35384,"V µg/m³"
02/10/2019,27.69276,"V µg/m³"
03/10/2019,29.23863,"V µg/m³"
04/10/2019,29.53986,"V µg/m³"
05/10/2019,24.77936,"V µg/m³"
06/10/2019,14.09526,"V µg/m³"
07/10/2019,27.32358,"V µg/m³"
08/10/2019,22.12160,"V µg/m³"
09/10/2019,24.69165,"V µg/m³"
10/10/2019,19.40678,"V µg/m³"
11/10/2019,15.77779,"V µg/m³"
12/10/2019,24.84434,"V µg/m³"
13/10/2019,12.77601,"V µg/m³"
14/10/2019,24.03235,"V µg/m³"
15/10/2019,30.79335,"V µg/m³"
16/10/2019,28.80355,"V µg/m³"
17/10/2019,25.47182,"V µg/m³"
18/10/2019,19.66902,"V µg/m³"
19/10/2019,23.93980,"V µg/m³"
20/10/2019,20.46322,"V µg/m³"
21/10/2019,18.80852,"V µg/m³"
22/10/2019,30.06930,"V µg/m³"
23/10/2019,31.42931,"V µg/m³"
24/10/2019,27.83568,"V µg/m³"
25/10/2019,18.52135,"V µg/m³"
26/10/2019,13.06318,"V µg/m³"
27/10/2019,32.07920,"V µg/m³"
28/10/2019,27.23362,"V µg/m³"
29/10/2019,24.23938,"V µg/m³"
30/10/2019,27.85156,"V µg/m³"
31/10/2019,31.31453,"V µg/m³"
01/11/2019,20.46375,"V µg/m³"
02/11/2019,11.40466,"V µg/m³"
03/11/2019,26.22330,"V µg/m³"
04/11/2019,30.37598,"V µg/m³"
05/11/2019,30.24439,"V µg/m³"
06/11/2019,38.79032,"V µg/m³"
07/11/2019,32.56939,"V µg/m³"
08/11/2019,34.13144,"V µg/m³"
09/11/2019,25.29267,"V µg/m³"
10/11/2019,24.56745,"V µg/m³"
11/11/2019,25.49808,"V µg/m³"
12/11/2019,31.62750,"V µg/m³"
13/11/2019,32.26191,"V µg/m³"
14/11/2019,35.53772,"V µg/m³"
15/11/2019,24.55800,"V µg/m³"
16/11/2019,29.49705,"V µg/m³"
17/11/2019,38.72236,"V µg/m³"
18/11/2019,33.92462,"V µg/m³"
19/11/2019,42.39856,"V µg/m³"
20/11/2019,29.57530,"V µg/m³"
21/11/2019,34.22258,"V µg/m³"
22/11/2019,22.44004,"V µg/m³"
23/11/2019,31.68269,"V µg/m³"
24/11/2019,20.70693,"V µg/m³"
25/11/2019,13.13504,"V µg/m³"
26/11/2019,18.71825,"V µg/m³"
27/11/2019,30.80101,"V µg/m³"
28/11/2019,29.37620,"V µg/m³"
29/11/2019,42.41550,"V µg/m³"
30/11/2019,43.26349,"V µg/m³"
01/12/2019,15.15357,"V µg/m³"
02/12/2019,53.69233,"V µg/m³"
03/12/2019,53.11131,"V µg/m³"
04/12/2019,37.72556,"V µg/m³"
05/12/2019,34.93513,"V µg/m³"
06/12/2019,19.06374,"V µg/m³"
07/12/2019,20.71646,"V µg/m³"
08/12/2019,10.70771,"V µg/m³"
09/12/2019,26.62865,"V µg/m³"
10/12/2019,20.38642,"V µg/m³"
11/12/2019,36.23445,"V µg/m³"
12/12/2019,21.15594,"V µg/m³"
13/12/2019,26.92361,"V µg/m³"
14/12/2019,18.41661,"V µg/m³"
15/12/2019,12.33448,"V µg/m³"
16/12/2019,35.35710,"V µg/m³"
17/12/2019,42.23270,"V µg/m³"
18/12/2019,21.77530,"V µg/m³"
19/12/2019,13.93690,"V µg/m³"
20/12/2019,21.05565,"V µg/m³"
21/12/2019,15.28263,"V µg/m³"
22/12/2019,19.61983,"V µg/m³"
23/12/2019,23.10301,"V µg/m³"
24/12/2019,17.27594,"V µg/m³"
25/12/2019,28.29011,"V µg/m³"
26/12/2019,11.14803,"V µg/m³"
27/12/2019,25.63312,"V µg/m³"
28/12/2019,23.23339,"V µg/m³"
29/12/2019,18.77963,"V µg/m³"
30/12/2019,30.48951,"V µg/m³"
31/12/2019,35.01218,"V µg/m³"
01/01/2020,35.46107,"V µg/m³"
02/01/2020,18.73498,"V µg/m³"
03/01/2020,31.21099,"V µg/m³"
04/01/2020,30.92751,"V µg/m³"
05/01/2020,22.98771,"V µg/m³"
06/01/2020,21.64272,"V µg/m³"
07/01/2020,21.88046,"V µg/m³"
08/01/2020,29.86824,"V µg/m³"
09/01/2020,17.70884,"V µg/m³"
10/01/2020,38.75649,"V µg/m³"
11/01/2020,13.50752,"V µg/m³"
12/01/2020,13.83796,"V µg/m³"
13/01/2020,18.92601,"V µg/m³"
14/01/2020,17.07610,"V µg/m³"
15/01/2020,31.06962,"V µg/m³"
16/01/2020,15.82053,"V µg/m³"
17/01/2020,28.04727,"V µg/m³"
18/01/2020,40.04461,"V µg/m³"
19/01/2020,35.68425,"V µg/m³"
20/01/2020,63.26072,"V µg/m³"
21/01/2020,60.24666,"V µg/m³"
22/01/2020,48.21252,"V µg/m³"
23/01/2020,41.54236,"V µg/m³"
24/01/2020,45.52296,"V µg/m³"
25/01/2020,20.62794,"V µg/m³"
26/01/2020,16.52329,"V µg/m³"
27/01/2020,30.34475,"V µg/m³"
28/01/2020,23.15905,"V µg/m³"
29/01/2020,24.92195,"V µg/m³"
30/01/2020,19.41609,"V µg/m³"
31/01/2020,16.51317,"V µg/m³"
01/02/2020,14.32196,"V µg/m³"
02/02/2020,12.05202,"V µg/m³"
03/02/2020,31.79206,"V µg/m³"
04/02/2020,24.51842,"V µg/m³"
05/02/2020,44.62736,"V µg/m³"
06/02/2020,36.45391,"V µg/m³"
07/02/2020,30.28649,"V µg/m³"
08/02/2020,20.82443,"V µg/m³"
09/02/2020,7.06268,"V µg/m³"
10/02/2020,14.42028,"V µg/m³"
11/02/2020,15.61514,"V µg/m³"
12/02/2020,25.31151,"V µg/m³"
13/02/2020,28.46078,"V µg/m³"
14/02/2020,25.24530,"V µg/m³"
15/02/2020,9.44981,"V µg/m³"
16/02/2020,8.89179,"V µg/m³"
17/02/2020,13.60472,"V µg/m³"
18/02/2020,15.89620,"V µg/m³"
19/02/2020,21.60332,"V µg/m³"
20/02/2020,17.32213,"V µg/m³"
21/02/2020,14.71687,"V µg/m³"
22/02/2020,11.75804,"V µg/m³"
23/02/2020,17.80983,"V µg/m³"
24/02/2020,14.13624,"V µg/m³"
25/02/2020,22.69839,"V µg/m³"
26/02/2020,30.15968,"V µg/m³"
27/02/2020,31.02591,"V µg/m³"
28/02/2020,18.76675,"V µg/m³"
29/02/2020,11.36279,"V µg/m³"
01/03/2020,12.13914,"V µg/m³"
02/03/2020,30.26207,"V µg/m³"
03/03/2020,35.98414,"V µg/m³"
04/03/2020,25.24190,"V µg/m³"
05/03/2020,18.50130,"V µg/m³"
06/03/2020,38.47269,"V µg/m³"
07/03/2020,23.23391,"V µg/m³"
08/03/2020,11.43325,"V µg/m³"
09/03/2020,nodata,"V µg/m³"
10/03/2020,nodata,"V µg/m³"
11/03/2020,18.96048,"V µg/m³"
12/03/2020,18.52630,"V µg/m³"
13/03/2020,32.29378,"V µg/m³"
14/03/2020,13.85140,"V µg/m³"
15/03/2020,15.98936,"V µg/m³"
16/03/2020,39.87269,"V µg/m³"
17/03/2020,19.71154,"V µg/m³"
18/03/2020,18.94590,"V µg/m³"
19/03/2020,12.28724,"V µg/m³"
20/03/2020,7.34232,"V µg/m³"
21/03/2020,7.09362,"V µg/m³"
22/03/2020,10.48176,"V µg/m³"
23/03/2020,24.61056,"V µg/m³"
24/03/2020,18.52347,"V µg/m³"
25/03/2020,22.05756,"V µg/m³"
26/03/2020,22.06788,"V µg/m³"
27/03/2020,14.67609,"V µg/m³"
28/03/2020,6.55819,"V µg/m³"
29/03/2020,3.87162,"V µg/m³"
30/03/2020,11.28346,"V µg/m³"
31/03/2020,8.14697,"V µg/m³"
01/04/2020,23.05794,"V µg/m³"
02/04/2020,22.97920,"V µg/m³"
03/04/2020,22.76912,"V µg/m³"
04/04/2020,9.42311,"V µg/m³"
05/04/2020,5.45497,"V µg/m³"
06/04/2020,15.34317,"V µg/m³"
07/04/2020,25.13451,"V µg/m³"
08/04/2020,36.54059,"V µg/m³"
09/04/2020,34.40714,"V µg/m³"
10/04/2020,31.58127,"V µg/m³"
11/04/2020,24.20697,"V µg/m³"
12/04/2020,15.23554,"V µg/m³"
13/04/2020,4.89605,"V µg/m³"
14/04/2020,9.06198,"V µg/m³"
15/04/2020,17.87902,"V µg/m³"
16/04/2020,26.69082,"V µg/m³"
17/04/2020,9.86091,"V µg/m³"
18/04/2020,12.16327,"V µg/m³"
19/04/2020,9.07522,"V µg/m³"
20/04/2020,11.22418,"V µg/m³"
21/04/2020,10.90624,"V µg/m³"
22/04/2020,15.40320,"V µg/m³"
23/04/2020,21.80175,"V µg/m³"
24/04/2020,17.90827,"V µg/m³"
25/04/2020,8.20284,"V µg/m³"
26/04/2020,8.41041,"V µg/m³"
27/04/2020,18.25970,"V µg/m³"
28/04/2020,8.27768,"V µg/m³"
29/04/2020,13.79468,"V µg/m³"
30/04/2020,10.16254,"V µg/m³"
01/05/2020,15.72728,"V µg/m³"
02/05/2020,13.52287,"V µg/m³"
03/05/2020,8.18262,"V µg/m³"
04/05/2020,7.00032,"V µg/m³"
05/05/2020,5.67740,"V µg/m³"
06/05/2020,11.44228,"V µg/m³"
07/05/2020,18.67460,"V µg/m³"
08/05/2020,14.73270,"V µg/m³"
09/05/2020,19.58835,"V µg/m³"
10/05/2020,9.35043,"V µg/m³"
11/05/2020,4.35611,"V µg/m³"
12/05/2020,17.56892,"V µg/m³"
13/05/2020,8.98449,"V µg/m³"
14/05/2020,6.71659,"V µg/m³"
15/05/2020,14.00552,"V µg/m³"
16/05/2020,19.45733,"V µg/m³"
17/05/2020,14.25828,"V µg/m³"
18/05/2020,16.69352,"V µg/m³"
19/05/2020,19.25277,"V µg/m³"
20/05/2020,14.62581,"V µg/m³"
21/05/2020,20.68564,"V µg/m³"
22/05/2020,11.41630,"V µg/m³"
23/05/2020,7.27254,"V µg/m³"
24/05/2020,12.81149,"V µg/m³"
25/05/2020,14.82310,"V µg/m³"
26/05/2020,21.06990,"V µg/m³"
27/05/2020,11.56208,"V µg/m³"
28/05/2020,6.97147,"V µg/m³"
29/05/2020,10.64080,"V µg/m³"
30/05/2020,12.46299,"V µg/m³"
31/05/2020,9.57823,"V µg/m³"
01/06/2020,9.43098,"V µg/m³"
02/06/2020,15.45603,"V µg/m³"
03/06/2020,13.73055,"V µg/m³"
04/06/2020,12.36176,"V µg/m³"
05/06/2020,17.41643,"V µg/m³"
06/06/2020,10.77923,"V µg/m³"
07/06/2020,13.07023,"V µg/m³"
08/06/2020,10.62290,"V µg/m³"
09/06/2020,12.33172,"V µg/m³"
10/06/2020,18.01133,"V µg/m³"
11/06/2020,11.87832,"V µg/m³"
12/06/2020,17.17008,"V µg/m³"
13/06/2020,13.23572,"V µg/m³"
14/06/2020,15.45618,"V µg/m³"
15/06/2020,15.80962,"V µg/m³"
16/06/2020,14.67572,"V µg/m³"
17/06/2020,14.11613,"V µg/m³"
18/06/2020,16.28847,"V µg/m³"
19/06/2020,12.96090,"V µg/m³"
20/06/2020,11.78039,"V µg/m³"
21/06/2020,9.02433,"V µg/m³"
22/06/2020,14.53269,"V µg/m³"
23/06/2020,9.50373,"V µg/m³"
24/06/2020,26.05228,"V µg/m³"
25/06/2020,21.89167,"V µg/m³"
26/06/2020,20.72779,"V µg/m³"
27/06/2020,8.11510,"V µg/m³"
28/06/2020,6.44040,"V µg/m³"
29/06/2020,10.03421,"V µg/m³"
30/06/2020,12.01380,"V µg/m³"
01/07/2020,12.80571,"V µg/m³"
02/07/2020,16.01400,"V µg/m³"
03/07/2020,10.91841,"V µg/m³"
04/07/2020,5.49196,"V µg/m³"
05/07/2020,5.50903,"V µg/m³"
06/07/2020,15.01954,"V µg/m³"
07/07/2020,20.01283,"V µg/m³"
08/07/2020,14.90118,"V µg/m³"
09/07/2020,9.28881,"V µg/m³"
10/07/2020,16.05957,"V µg/m³"
11/07/2020,14.25057,"V µg/m³"
12/07/2020,7.59644,"V µg/m³"
13/07/2020,21.00565,"V µg/m³"
14/07/2020,16.63606,"V µg/m³"
15/07/2020,23.08364,"V µg/m³"
16/07/2020,18.01066,"V µg/m³"
17/07/2020,23.56023,"V µg/m³"
18/07/2020,15.32493,"V µg/m³"
19/07/2020,10.92116,"V µg/m³"
20/07/2020,14.80215,"V µg/m³"
21/07/2020,12.85680,"V µg/m³"
22/07/2020,17.66412,"V µg/m³"
23/07/2020,16.81412,"V µg/m³"
24/07/2020,15.26388,"V µg/m³"
25/07/2020,8.22248,"V µg/m³"
26/07/2020,6.76970,"V µg/m³"
27/07/2020,9.59372,"V µg/m³"
28/07/2020,14.63140,"V µg/m³"
29/07/2020,20.77983,"V µg/m³"
30/07/2020,13.87512,"V µg/m³"
31/07/2020,18.22704,"V µg/m³"
01/08/2020,12.38138,"V µg/m³"
02/08/2020,10.31868,"V µg/m³"
03/08/2020,11.39177,"V µg/m³"
04/08/2020,11.54741,"V µg/m³"
05/08/2020,11.01417,"V µg/m³"
06/08/2020,14.36978,"V µg/m³"
07/08/2020,25.98012,"V µg/m³"
08/08/2020,23.69711,"V µg/m³"
09/08/2020,nodata,"V µg/m³"
10/08/2020,nodata,"V µg/m³"
11/08/2020,25.95950,"V µg/m³"
12/08/2020,16.05949,"V µg/m³"
13/08/2020,20.08234,"V µg/m³"
14/08/2020,18.65860,"V µg/m³"
15/08/2020,19.21427,"V µg/m³"
16/08/2020,13.25446,"V µg/m³"
17/08/2020,20.85905,"V µg/m³"
18/08/2020,12.41487,"V µg/m³"
19/08/2020,8.07369,"V µg/m³"
20/08/2020,12.64059,"V µg/m³"
21/08/2020,8.52253,"V µg/m³"
22/08/2020,7.69928,"V µg/m³"
23/08/2020,9.49644,"V µg/m³"
24/08/2020,16.19643,"V µg/m³"
25/08/2020,6.93528,"V µg/m³"
26/08/2020,18.12205,"V µg/m³"
27/08/2020,12.99512,"V µg/m³"
28/08/2020,18.85046,"V µg/m³"
29/08/2020,6.74532,"V µg/m³"
30/08/2020,7.61910,"V µg/m³"
31/08/2020,12.89896,"V µg/m³"
01/09/2020,18.18725,"V µg/m³"
02/09/2020,19.58026,"V µg/m³"
03/09/2020,13.05514,"V µg/m³"
04/09/2020,21.97559,"V µg/m³"
05/09/2020,18.47642,"V µg/m³"
06/09/2020,17.60667,"V µg/m³"
07/09/2020,18.65523,"V µg/m³"
08/09/2020,20.30603,"V µg/m³"
09/09/2020,20.09668,"V µg/m³"
10/09/2020,29.53025,"V µg/m³"
11/09/2020,29.48211,"V µg/m³"
12/09/2020,17.09625,"V µg/m³"
13/09/2020,10.93664,"V µg/m³"
14/09/2020,25.80398,"V µg/m³"
15/09/2020,45.34535,"V µg/m³"
16/09/2020,18.48302,"V µg/m³"
17/09/2020,nodata,"V µg/m³"
18/09/2020,nodata,"V µg/m³"
19/09/2020,13.16248,"V µg/m³"
20/09/2020,9.09047,"V µg/m³"
21/09/2020,25.04394,"V µg/m³"
22/09/2020,26.75868,"V µg/m³"
23/09/2020,17.33742,"V µg/m³"
24/09/2020,18.04092,"V µg/m³"
25/09/2020,19.30582,"V µg/m³"
26/09/2020,10.85335,"V µg/m³"
27/09/2020,8.68582,"V µg/m³"
28/09/2020,31.29656,"V µg/m³"
29/09/2020,24.60579,"V µg/m³"
30/09/2020,15.80488,"V µg/m³"
01/10/2020,22.92095,"V µg/m³"
02/10/2020,15.84900,"V µg/m³"
03/10/2020,16.31378,"V µg/m³"
04/10/2020,10.38161,"V µg/m³"
05/10/2020,21.11289,"V µg/m³"
06/10/2020,15.60127,"V µg/m³"
07/10/2020,22.45832,"V µg/m³"
08/10/2020,21.50856,"V µg/m³"
09/10/2020,33.20925,"V µg/m³"
10/10/2020,21.99786,"V µg/m³"
11/10/2020,21.50743,"V µg/m³"
12/10/2020,27.55287,"V µg/m³"
13/10/2020,21.88816,"V µg/m³"
14/10/2020,15.83354,"V µg/m³"
15/10/2020,16.03296,"V µg/m³"
16/10/2020,31.89994,"V µg/m³"
17/10/2020,24.75027,"V µg/m³"
18/10/2020,31.19396,"V µg/m³"
19/10/2020,12.45810,"V µg/m³"
20/10/2020,13.69215,"V µg/m³"
21/10/2020,11.50254,"V µg/m³"
22/10/2020,18.18528,"V µg/m³"
23/10/2020,18.39643,"V µg/m³"
24/10/2020,8.18029,"V µg/m³"
25/10/2020,12.21808,"V µg/m³"
26/10/2020,21.87368,"V µg/m³"
27/10/2020,16.46648,"V µg/m³"
28/10/2020,16.94773,"V µg/m³"
29/10/2020,13.38306,"V µg/m³"
30/10/2020,12.38257,"V µg/m³"
31/10/2020,11.30138,"V µg/m³"
01/11/2020,5.59957,"V µg/m³"
02/11/2020,11.86289,"V µg/m³"
03/11/2020,22.39112,"V µg/m³"
04/11/2020,43.97910,"V µg/m³"
05/11/2020,46.53186,"V µg/m³"
06/11/2020,44.07829,"V µg/m³"
07/11/2020,34.16498,"V µg/m³"
08/11/2020,18.83800,"V µg/m³"
09/11/2020,15.06621,"V µg/m³"
10/11/2020,24.54293,"V µg/m³"
11/11/2020,9.29602,"V µg/m³"
12/11/2020,18.30966,"V µg/m³"
13/11/2020,24.59826,"V µg/m³"
14/11/2020,8.26550,"V µg/m³"
15/11/2020,7.07354,"V µg/m³"
16/11/2020,17.70403,"V µg/m³"
17/11/2020,12.60890,"V µg/m³"
18/11/2020,14.16464,"V µg/m³"
19/11/2020,30.07693,"V µg/m³"
20/11/2020,26.36729,"V µg/m³"
21/11/2020,10.24607,"V µg/m³"
22/11/2020,26.66730,"V µg/m³"
23/11/2020,28.45085,"V µg/m³"
24/11/2020,15.50792,"V µg/m³"
25/11/2020,21.16826,"V µg/m³"
26/11/2020,34.83359,"V µg/m³"
27/11/2020,38.33128,"V µg/m³"
28/11/2020,36.26454,"V µg/m³"
29/11/2020,26.09049,"V µg/m³"
30/11/2020,28.00560,"V µg/m³"
01/12/2020,19.69994,"V µg/m³"
02/12/2020,38.82999,"V µg/m³"
03/12/2020,20.03302,"V µg/m³"
04/12/2020,22.91921,"V µg/m³"
05/12/2020,14.87002,"V µg/m³"
06/12/2020,25.43358,"V µg/m³"
07/12/2020,40.56282,"V µg/m³"
08/12/2020,34.75938,"V µg/m³"
09/12/2020,30.89596,"V µg/m³"
10/12/2020,9.79921,"V µg/m³"
11/12/2020,29.13810,"V µg/m³"
12/12/2020,26.82955,"V µg/m³"
13/12/2020,7.95612,"V µg/m³"
14/12/2020,18.28142,"V µg/m³"
15/12/2020,22.59076,"V µg/m³"
16/12/2020,8.86761,"V µg/m³"
17/12/2020,20.69463,"V µg/m³"
18/12/2020,10.06412,"V µg/m³"
19/12/2020,11.72574,"V µg/m³"
20/12/2020,13.41452,"V µg/m³"
21/12/2020,9.80189,"V µg/m³"
22/12/2020,22.22484,"V µg/m³"
23/12/2020,16.09894,"V µg/m³"
24/12/2020,8.89035,"V µg/m³"
25/12/2020,13.43677,"V µg/m³"
26/12/2020,5.96763,"V µg/m³"
27/12/2020,13.91262,"V µg/m³"
28/12/2020,17.74979,"V µg/m³"
29/12/2020,26.03004,"V µg/m³"
30/12/2020,33.64681,"V µg/m³"
31/12/2020,34.75343,"V µg/m³"
01/01/2021,25.37437,"V µg/m³"
02/01/2021,19.97018,"V µg/m³"
03/01/2021,13.33482,"V µg/m³"
04/01/2021,8.24654,"V µg/m³"
05/01/2021,9.50508,"V µg/m³"
06/01/2021,20.51000,"V µg/m³"
07/01/2021,39.72680,"V µg/m³"
08/01/2021,35.23697,"V µg/m³"
09/01/2021,34.65356,"V µg/m³"
10/01/2021,30.89307,"V µg/m³"
11/01/2021,16.83960,"V µg/m³"
12/01/2021,25.75269,"V µg/m³"
13/01/2021,35.44886,"V µg/m³"
14/01/2021,17.11552,"V µg/m³"
15/01/2021,29.12349,"V µg/m³"
16/01/2021,21.73295,"V µg/m³"
17/01/2021,20.33450,"V µg/m³"
18/01/2021,20.41112,"V µg/m³"
19/01/2021,8.57706,"V µg/m³"
20/01/2021,8.36254,"V µg/m³"
21/01/2021,14.84127,"V µg/m³"
22/01/2021,26.09164,"V µg/m³"
23/01/2021,30.22961,"V µg/m³"
24/01/2021,18.56795,"V µg/m³"
25/01/2021,33.68023,"V µg/m³"
26/01/2021,23.98849,"V µg/m³"
27/01/2021,25.95391,"V µg/m³"
28/01/2021,15.27926,"V µg/m³"
29/01/2021,19.72819,"V µg/m³"
30/01/2021,12.39499,"V µg/m³"
31/01/2021,16.71232,"V µg/m³"
01/02/2021,21.51606,"V µg/m³"
02/02/2021,14.55454,"V µg/m³"
03/02/2021,26.25773,"V µg/m³"
04/02/2021,13.72687,"V µg/m³"
05/02/2021,19.49305,"V µg/m³"
06/02/2021,22.34007,"V µg/m³"
07/02/2021,4.89695,"V µg/m³"
08/02/2021,8.76956,"V µg/m³"
09/02/2021,13.56303,"V µg/m³"
10/02/2021,14.83391,"V µg/m³"
11/02/2021,26.57720,"V µg/m³"
12/02/2021,20.34406,"V µg/m³"
13/02/2021,18.56281,"V µg/m³"
14/02/2021,7.44500,"V µg/m³"
15/02/2021,16.21204,"V µg/m³"
16/02/2021,15.18079,"V µg/m³"
17/02/2021,12.36322,"V µg/m³"
18/02/2021,12.49174,"V µg/m³"
19/02/2021,10.58575,"V µg/m³"
20/02/2021,8.34964,"V µg/m³"
21/02/2021,12.79062,"V µg/m³"
22/02/2021,nodata,"V µg/m³"
23/02/2021,nodata,"V µg/m³"
24/02/2021,19.04568,"V µg/m³"
25/02/2021,41.67687,"V µg/m³"
26/02/2021,42.79012,"V µg/m³"
27/02/2021,40.37100,"V µg/m³"
28/02/2021,18.89516,"V µg/m³"
01/03/2021,18.98626,"V µg/m³"
02/03/2021,35.10359,"V µg/m³"
03/03/2021,35.11680,"V µg/m³"
04/03/2021,19.49378,"V µg/m³"
05/03/2021,11.91478,"V µg/m³"
06/03/2021,17.90069,"V µg/m³"
07/03/2021,23.51701,"V µg/m³"
08/03/2021,40.07653,"V µg/m³"
09/03/2021,36.14258,"V µg/m³"
10/03/2021,21.16754,"V µg/m³"
11/03/2021,14.79132,"V µg/m³"
12/03/2021,20.40833,"V µg/m³"
13/03/2021,13.78706,"V µg/m³"
14/03/2021,11.59221,"V µg/m³"
15/03/2021,28.56616,"V µg/m³"
16/03/2021,28.33080,"V µg/m³"
17/03/2021,20.89217,"V µg/m³"
18/03/2021,21.44984,"V µg/m³"
19/03/2021,19.48942,"V µg/m³"
20/03/2021,30.18074,"V µg/m³"
21/03/2021,15.86907,"V µg/m³"
22/03/2021,32.69587,"V µg/m³"
23/03/2021,28.24723,"V µg/m³"
24/03/2021,24.59091,"V µg/m³"
25/03/2021,21.22569,"V µg/m³"
26/03/2021,17.79852,"V µg/m³"
27/03/2021,13.26558,"V µg/m³"
28/03/2021,7.11742,"V µg/m³"
29/03/2021,19.45713,"V µg/m³"
30/03/2021,31.71187,"V µg/m³"
31/03/2021,29.52786,"V µg/m³"
01/04/2021,11.75640,"P µg/m³"
02/04/2021,3.44136,"P µg/m³"
03/04/2021,4.49762,"P µg/m³"
04/04/2021,13.32515,"P µg/m³"
05/04/2021,7.63133,"P µg/m³"
06/04/2021,14.15308,"P µg/m³"
07/04/2021,26.26546,"P µg/m³"
08/04/2021,17.58941,"P µg/m³"
09/04/2021,17.95347,"P µg/m³"
10/04/2021,5.83381,"P µg/m³"
11/04/2021,10.81447,"P µg/m³"
12/04/2021,22.54796,"P µg/m³"
13/04/2021,25.92780,"P µg/m³"
14/04/2021,16.78655,"P µg/m³"
15/04/2021,11.33591,"P µg/m³"
16/04/2021,17.90846,"P µg/m³"
17/04/2021,14.46643,"P µg/m³"
18/04/2021,13.91922,"P µg/m³"
19/04/2021,16.96678,"P µg/m³"
20/04/2021,26.19260,"P µg/m³"
21/04/2021,13.82769,"P µg/m³"
22/04/2021,5.51188,"P µg/m³"
23/04/2021,17.64823,"P µg/m³"
24/04/2021,12.71717,"P µg/m³"
25/04/2021,1.84880,"P µg/m³"
26/04/2021,6.11203,"P µg/m³"
27/04/2021,20.23255,"P µg/m³"
28/04/2021,20.01362,"P µg/m³"
29/04/2021,16.19792,"P µg/m³"
30/04/2021,22.51230,"P µg/m³"
01/05/2021,17.18966,"P µg/m³"
02/05/2021,17.27806,"P µg/m³"
03/05/2021,6.46149,"P µg/m³"
04/05/2021,12.84701,"P µg/m³"
05/05/2021,23.37661,"P µg/m³"
06/05/2021,23.26746,"P µg/m³"
07/05/2021,21.71106,"P µg/m³"
08/05/2021,5.10916,"P µg/m³"
09/05/2021,5.85544,"P µg/m³"
10/05/2021,12.16225,"P µg/m³"
11/05/2021,14.72525,"P µg/m³"
12/05/2021,12.41456,"P µg/m³"
13/05/2021,15.71091,"P µg/m³"
14/05/2021,14.43379,"P µg/m³"
15/05/2021,11.76757,"P µg/m³"
16/05/2021,7.52492,"P µg/m³"
17/05/2021,21.30204,"P µg/m³"
18/05/2021,20.00698,"P µg/m³"
19/05/2021,18.85604,"P µg/m³"
20/05/2021,10.25158,"P µg/m³"
21/05/2021,7.00593,"P µg/m³"
22/05/2021,16.89198,"P µg/m³"
23/05/2021,6.63114,"P µg/m³"
24/05/2021,19.09312,"P µg/m³"
25/05/2021,21.14906,"P µg/m³"
26/05/2021,25.54781,"P µg/m³"
27/05/2021,24.91828,"P µg/m³"
28/05/2021,22.16109,"P µg/m³"
29/05/2021,17.63484,"P µg/m³"
30/05/2021,6.39094,"P µg/m³"
31/05/2021,16.30406,"P µg/m³"
01/06/2021,20.73110,"P µg/m³"
02/06/2021,33.87460,"P µg/m³"
03/06/2021,17.74222,"P µg/m³"
04/06/2021,17.37072,"P µg/m³"
05/06/2021,13.79426,"P µg/m³"
06/06/2021,12.05616,"P µg/m³"
07/06/2021,7.49640,"P µg/m³"
08/06/2021,19.79212,"P µg/m³"
09/06/2021,22.75899,"P µg/m³"
10/06/2021,14.78936,"P µg/m³"
11/06/2021,15.19035,"P µg/m³"
12/06/2021,14.37068,"P µg/m³"
13/06/2021,10.49128,"P µg/m³"
14/06/2021,23.55286,"P µg/m³"
15/06/2021,7.75439,"P µg/m³"
16/06/2021,21.13220,"P µg/m³"
17/06/2021,18.67091,"P µg/m³"
18/06/2021,13.16991,"P µg/m³"
19/06/2021,7.02633,"P µg/m³"
20/06/2021,6.43801,"P µg/m³"
21/06/2021,3.62220,"P µg/m³"
22/06/2021,5.53360,"P µg/m³"
23/06/2021,10.34547,"P µg/m³"
24/06/2021,26.28856,"P µg/m³"
25/06/2021,18.34139,"P µg/m³"
26/06/2021,9.12593,"P µg/m³"
27/06/2021,7.19422,"P µg/m³"
28/06/2021,14.08560,"P µg/m³"
29/06/2021,11.71539,"P µg/m³"
30/06/2021,14.69094,"P µg/m³"
01/07/2021,17.99088,"P µg/m³"
02/07/2021,14.24990,"P µg/m³"
03/07/2021,13.21333,"P µg/m³"
04/07/2021,6.69022,"P µg/m³"
05/07/2021,12.08836,"P µg/m³"
06/07/2021,9.99092,"P µg/m³"
07/07/2021,12.86786,"P µg/m³"
08/07/2021,18.34912,"P µg/m³"
09/07/2021,21.94101,"P µg/m³"
10/07/2021,16.40431,"P µg/m³"
11/07/2021,10.68485,"P µg/m³"
12/07/2021,15.12644,"P µg/m³"
13/07/2021,15.59103,"P µg/m³"
14/07/2021,13.34194,"P µg/m³"
15/07/2021,10.12142,"P µg/m³"
16/07/2021,9.82770,"P µg/m³"
17/07/2021,10.10959,"P µg/m³"
18/07/2021,12.62780,"P µg/m³"
19/07/2021,17.66837,"P µg/m³"
20/07/2021,19.03145,"P µg/m³"
21/07/2021,20.25317,"P µg/m³"
22/07/2021,13.25266,"P µg/m³"
23/07/2021,6.33443,"P µg/m³"
24/07/2021,14.01258,"P µg/m³"
25/07/2021,12.24723,"P µg/m³"
26/07/2021,19.99764,"P µg/m³"
27/07/2021,16.21967,"P µg/m³"
28/07/2021,9.81206,"P µg/m³"
29/07/2021,11.19985,"P µg/m³"
30/07/2021,8.76642,"P µg/m³"
31/07/2021,16.66604,"P µg/m³"
01/08/2021,11.40328,"P µg/m³"
02/08/2021,9.92109,"P µg/m³"
03/08/2021,12.25594,"P µg/m³"
04/08/2021,15.88969,"P µg/m³"
05/08/2021,10.25578,"P µg/m³"
06/08/2021,9.37922,"P µg/m³"
07/08/2021,9.50672,"P µg/m³"
08/08/2021,5.10797,"P µg/m³"
09/08/2021,11.24391,"P µg/m³"
